80.000000,0.000000,0.000000,0.000000,0.000000,0.000000,0.000000,0.000000,0.000000,0.000000,0.000000,0.000000,0.000000,0.000000,0.000000,0.000000,0.000000,0.000000,0.000000,0.000000,0.000000,0.000000,0.000000,0.000000,0.000000,0.000000,0.000000,0.000000,0.000000,0.000000,0.000000,0.000000,0.000000,0.000000,0.000000,0.000000,0.000000,0.000000,0.000000,0.000000,0.000000,0.000000,0.000000,0.000000,0.000000,0.000000,0.000000,0.000000,0.000000,0.000000,0.000000,0.000000,0.000000,0.000000,0.000000,0.000000,0.000000,0.000000,0.000000,0.000000,0.000000,0.000000,0.000000,0.000000,0.000000,0.000000,0.000000,0.000000,0.000000,0.000000,0.000000,0.000000,0.000000,0.000000,0.000000,0.000000,0.000000,0.000000,0.000000,0.000000,0.000000,0.000000,0.000000,0.000000,0.000000,0.000000,0.000000,0.000000,0.000000,0.000000,0.000000,0.000000,0.000000,0.000000,0.000000,0.000000,0.000000,0.000000,0.000000,30.000000
80.000000,40.075351,24.117845,16.628616,12.518756,9.972466,8.248135,7.002407,6.058302,5.316257,4.716213,4.219863,3.801652,3.443885,3.133932,2.862535,2.622760,2.409307,2.218057,2.045760,1.889814,1.748112,1.618927,1.500828,1.392617,1.293283,1.201963,1.117917,1.040502,0.969157,0.903390,0.842764,0.786890,0.735419,0.688039,0.644464,0.604438,0.567725,0.534110,0.503397,0.475405,0.449967,0.426933,0.406161,0.387524,0.370905,0.356197,0.343303,0.332136,0.322617,0.314678,0.308256,0.303300,0.299764,0.297613,0.296818,0.297359,0.299222,0.302403,0.306905,0.312740,0.319927,0.328493,0.338478,0.349926,0.362896,0.377456,0.393685,0.411677,0.431541,0.453402,0.477407,0.503724,0.532548,0.564108,0.598669,0.636546,0.678107,0.723796,0.774142,0.829787,0.891518,0.960307,1.037370,1.124252,1.222937,1.336028,1.466996,1.620580,1.803417,2.025093,2.299976,2.650592,3.114281,3.757416,4.708759,6.246419,9.051326,15.031827,30.000000
80.000000,55.803718,39.871017,29.908623,23.484486,19.127376,16.020037,13.704860,11.915977,10.491893,9.330135,8.363049,7.544388,6.841557,6.230976,5.695184,5.220992,4.798257,4.419052,4.077096,3.767341,3.485686,3.228761,2.993767,2.778356,2.580543,2.398630,2.231159,2.076864,1.934636,1.803502,1.682598,1.571154,1.468479,1.373952,1.287008,1.207137,1.133870,1.066781,1.005479,0.949603,0.898825,0.852840,0.811371,0.774162,0.740980,0.711613,0.685866,0.663567,0.644559,0.628702,0.615876,0.605976,0.598912,0.594613,0.593020,0.594093,0.597807,0.604151,0.613131,0.624770,0.639107,0.656197,0.676114,0.698951,0.724821,0.753859,0.786223,0.822099,0.861702,0.905280,0.953122,1.005560,1.062980,1.125832,1.194638,1.270016,1.352693,1.443532,1.543572,1.654066,1.776544,1.912891,2.065458,2.237216,2.431967,2.654657,2.911835,3.212347,3.568421,3.997404,4.524673,5.188663,6.049943,7.208221,8.835111,11.237093,14.965889,20.933529,30.000000
80.000000,63.167413,49.653996,39.660382,32.390458,27.037266,23.003211,19.883881,17.411530,15.407882,13.752152,12.360711,11.174337,10.150172,9.256563,8.469697,7.771351,7.147365,6.586579,6.080083,5.620679,5.202486,4.820648,4.471119,4.150493,3.855880,3.584807,3.335138,3.105017,2.892818,2.697109,2.516616,2.350204,2.196852,2.055641,1.925735,1.806377,1.696873,1.596589,1.504943,1.421402,1.345474,1.276707,1.214688,1.159036,1.109403,1.065473,1.026957,0.993595,0.965153,0.941426,0.922231,0.907411,0.896834,0.890390,0.887994,0.889584,0.895122,0.904592,0.918003,0.935387,0.956801,0.982328,1.012076,1.046182,1.084814,1.128170,1.176484,1.230029,1.289123,1.354132,1.425479,1.503652,1.589218,1.682834,1.785265,1.897409,2.020324,2.155264,2.303728,2.467520,2.648833,2.850357,3.075426,3.328222,3.614052,3.939750,4.314250,4.749424,5.261352,5.872250,6.613488,7.530371,8.689765,10.192089,12.189009,14.904641,18.641607,23.698467,30.000000
80.000000,67.182499,55.908727,46.689673,39.383352,33.631904,29.075394,25.419585,22.442102,19.979826,17.913957,16.157610,14.646619,13.333001,12.180395,11.160876,10.252716,9.438797,8.705475,8.041751,7.438668,6.888856,6.386195,5.925556,5.502604,5.113643,4.755501,4.425428,4.121030,3.840200,3.581079,3.342013,3.121520,2.918270,2.731059,2.558794,2.400479,2.255206,2.122140,2.000516,1.889631,1.788836,1.697538,1.615188,1.541284,1.475367,1.417017,1.365853,1.321532,1.283743,1.252213,1.226700,1.206997,1.192927,1.184346,1.181139,1.183223,1.190547,1.203090,1.220861,1.243902,1.272286,1.306121,1.345549,1.390749,1.441937,1.499374,1.563364,1.634264,1.712485,1.798503,1.892867,1.996210,2.109263,2.232872,2.368022,2.515864,2.677746,2.855266,3.050322,3.265186,3.502607,3.765930,4.059272,4.387742,4.757758,5.177468,5.657348,6.211039,6.856543,7.617933,8.527804,9.630721,10.987868,12.682655,14.825438,17.551214,20.994200,25.207662,30.000000
80.000000,69.644560,60.103700,51.805886,44.823578,39.034969,34.250814,30.281277,26.962118,24.160353,21.771574,19.714834,17.927541,16.361148,14.977767,13.747594,12.646980,11.656985,10.762307,9.950463,9.211189,8.535966,7.917667,7.350279,6.828693,6.348529,5.906010,5.497850,5.121174,4.773449,4.452428,4.156108,3.882691,3.630557,3.398238,3.184399,2.987823,2.807393,2.642087,2.490963,2.353156,2.227868,2.114365,2.011972,1.920068,1.838086,1.765505,1.701855,1.646710,1.599685,1.560442,1.528681,1.504143,1.486609,1.475899,1.471870,1.474419,1.483480,1.499024,1.521063,1.549645,1.584859,1.626836,1.675747,1.731809,1.795287,1.866496,1.945806,2.033649,2.130524,2.237006,2.353756,2.481538,2.621227,2.773839,2.940547,3.122718,3.321951,3.540125,3.779462,4.042610,4.332741,4.653690,5.010125,5.407778,5.853749,6.356908,6.928434,7.582543,8.337451,9.216644,10.250491,11.478166,12.949556,14.726273,16.879530,19.480318,22.574340,26.134450,30.000000
80.000000,71.289066,63.053656,55.606849,49.072234,43.437000,38.615924,34.497572,30.970291,27.933968,25.303715,23.009639,20.995030,19.214159,17.630183,16.213349,14.939525,13.789027,12.745700,11.796192,10.929394,10.135996,9.408141,8.739149,8.123305,7.555680,7.031999,6.548527,6.101979,5.689450,5.308354,4.956377,4.631437,4.331651,4.055310,3.800856,3.566863,3.352025,3.155140,2.975102,2.810890,2.661565,2.526260,2.404177,2.294582,2.196803,2.110224,2.034286,1.968484,1.912362,1.865516,1.827591,1.798278,1.777315,1.764487,1.759625,1.762602,1.773338,1.791798,1.817992,1.851974,1.893848,1.943762,2.001915,2.068560,2.144003,2.228609,2.322807,2.427096,2.542052,2.668338,2.806715,2.958057,3.123366,3.303797,3.500682,3.715565,3.950241,4.206809,4.487737,4.795939,5.134883,5.508714,5.922427,6.382071,6.895023,7.470336,8.119171,8.855353,9.696044,10.662525,11.781026,13.083402,14.607218,16.394371,18.486676,20.916123,23.687545,26.754628,30.000000
80.000000,72.457342,65.214888,58.496826,52.424132,47.028724,42.283172,38.128516,34.493974,31.308657,28.507453,26.033333,23.837682,21.879678,20.125321,18.546375,17.119394,15.824871,14.646520,13.570683,12.585851,11.682268,10.851622,10.086785,9.381607,8.730753,8.129563,7.573943,7.060274,6.585342,6.146272,5.740481,5.365638,5.019629,4.700527,4.406571,4.136148,3.887775,3.660084,3.451814,3.261803,3.088976,2.932340,2.790981,2.664058,2.550798,2.450493,2.362501,2.286238,2.221181,2.166863,2.122874,2.088855,2.064506,2.049575,2.043864,2.047227,2.059569,2.080845,2.111062,2.150281,2.198614,2.256227,2.323344,2.400246,2.487276,2.584844,2.693429,2.813590,2.945968,3.091301,3.250434,3.424332,3.614101,3.821009,4.046510,4.292284,4.560269,4.852722,5.172270,5.521995,5.905526,6.327158,6.791995,7.306137,7.876894,8.513059,9.225227,10.026158,10.931176,11.958530,13.129628,14.468912,16.002994,17.758446,19.757412,22.010213,24.504915,27.196188,30.000000
80.000000,73.325666,66.852694,60.743495,55.102028,49.975059,45.365075,41.245869,37.575845,34.307457,31.393084,28.788237,26.453008,24.352470,22.456509,20.739383,19.179186,17.757303,16.457908,15.267519,14.174615,13.169316,12.243107,11.388621,10.599445,9.869972,9.195271,8.570982,7.993231,7.458555,6.963845,6.506295,6.083361,5.692728,5.332279,5.000074,4.694332,4.413407,4.155783,3.920057,3.704932,3.509208,3.331776,3.171612,3.027773,2.899391,2.785671,2.685890,2.599391,2.525585,2.463944,2.414003,2.375361,2.347673,2.330655,2.324082,2.327784,2.341651,2.365630,2.399723,2.443993,2.498561,2.563606,2.639371,2.726164,2.824359,2.934401,3.056815,3.192206,3.341272,3.504812,3.683736,3.879083,4.092039,4.323954,4.576374,4.851067,5.150069,5.475724,5.830747,6.218289,6.642022,7.106242,7.615987,8.177180,8.796798,9.483056,10.245616,11.095781,12.046666,13.113258,14.312266,15.661576,17.179050,18.880321,20.775254,22.862955,25.125928,27.525230,30.000000
80.000000,73.993368,68.128389,62.525196,57.269383,52.409568,47.962501,43.921419,40.264460,36.961554,33.979369,31.284509,28.845376,26.633103,24.621902,22.789064,21.114763,19.581779,18.175190,16.882073,15.691220,14.592895,13.578609,12.640942,11.773374,10.970157,10.226196,9.536958,8.898384,8.306831,7.759006,7.251925,6.782870,6.349357,5.949108,5.580028,5.240185,4.927791,4.641196,4.378867,4.139385,3.921435,3.723800,3.545353,3.385055,3.241949,3.115160,3.003885,2.907401,2.825051,2.756253,2.700490,2.657313,2.626342,2.607256,2.599804,2.603795,2.619101,2.645658,2.683464,2.732582,2.793137,2.865321,2.949390,3.045673,3.154570,3.276556,3.412189,3.562115,3.727074,3.907911,4.105589,4.321199,4.555982,4.811345,5.088888,5.390433,5.718059,6.074144,6.461416,6.883013,7.342548,7.844197,8.392786,8.993899,9.653988,10.380489,11.181926,12.067985,13.049507,14.138366,15.347115,16.688285,18.173188,19.810061,21.601482,23.541214,25.611070,27.778999,30.000000
80.000000,74.520457,69.144450,63.962872,59.045346,54.437189,50.161027,46.221101,42.608384,39.305334,36.289708,33.537344,31.024013,28.726564,26.623538,24.695445,22.924820,21.296145,19.795703,18.411407,17.132614,15.949948,14.855139,13.840873,12.900662,12.028733,11.219929,10.469623,9.773648,9.128236,8.529967,7.975720,7.462642,6.988113,6.549721,6.145239,5.772605,5.429910,5.115382,4.827373,4.564354,4.324905,4.107710,3.911546,3.735287,3.577893,3.438410,3.315965,3.209767,3.119100,3.043326,2.981880,2.934270,2.900075,2.878944,2.870597,2.874821,2.891473,2.920475,2.961820,3.015567,3.081845,3.160850,3.252854,3.358198,3.477301,3.610663,3.758867,3.922587,4.102597,4.299773,4.515113,4.749743,5.004936,5.282129,5.582946,5.909223,6.263041,6.646760,7.063061,7.514995,8.006039,8.540152,9.121845,9.756248,10.449176,11.207179,12.037576,12.948427,13.948437,15.046716,16.252358,17.573739,19.017477,20.586999,22.280763,24.090331,25.998760,27.979994,30.000000
80.000000,74.945265,69.968627,65.140363,60.517157,56.139371,52.031189,48.202712,44.652991,41.373186,38.349360,35.564724,33.001283,30.640974,28.466393,26.461214,24.610407,22.900297,21.318550,19.854100,18.497043,17.238532,16.070661,14.986356,13.979276,13.043727,12.174574,11.367175,10.617319,9.921172,9.275230,8.676283,8.121377,7.607787,7.132994,6.694664,6.290627,5.918867,5.577507,5.264800,4.979117,4.718946,4.482876,4.269603,4.077916,3.906699,3.754926,3.621657,3.506039,3.407298,3.324744,3.257766,3.205830,3.168477,3.145326,3.136068,3.140470,3.158368,3.189675,3.234374,3.292518,3.364237,3.449732,3.549279,3.663231,3.792021,3.936163,4.096258,4.273002,4.467185,4.679707,4.911583,5.163956,5.438110,5.735488,6.057709,6.406593,6.784183,7.192777,7.634961,8.113645,8.632103,9.194014,9.803506,10.465189,11.184184,11.966130,12.817160,13.743816,14.752895,15.851174,17.044983,18.339587,19.738346,21.241662,22.845797,24.541737,26.314399,28.142586,30.000000
80.000000,75.293409,70.647305,66.117130,61.749339,57.579188,53.630299,49.915589,46.439019,43.197640,40.183582,37.385772,34.791306,32.386483,30.157527,28.091067,26.174434,24.395819,22.744344,21.210060,19.783919,18.457716,17.224017,16.076094,15.007846,14.013739,13.088736,12.228248,11.428076,10.684370,9.993591,9.352474,8.757999,8.207368,7.697981,7.227417,6.793421,6.393887,6.026849,5.690473,5.383045,5.102966,4.848747,4.619003,4.412451,4.227904,4.064268,3.920543,3.795814,3.689258,3.600133,3.527784,3.471637,3.431198,3.406054,3.395870,3.400391,3.419435,3.452900,3.500759,3.563059,3.639927,3.731564,3.838248,3.960339,4.098276,4.252583,4.423871,4.612845,4.820305,5.047160,5.294427,5.563251,5.854910,6.170829,6.512600,6.881995,7.280991,7.711789,8.176841,8.678875,9.220919,9.806332,10.438817,11.122439,11.861619,12.661112,13.525941,14.461291,15.472325,16.563912,17.740243,19.004312,20.357272,21.797688,23.320771,24.917721,26.575376,28.276379,30.000000
80.000000,75.582655,71.213231,66.936278,62.790224,58.805644,55.004651,51.401221,48.002165,44.808433,41.816491,39.019602,36.408924,33.974387,31.705359,29.591125,27.621219,25.785628,24.074923,22.480311,20.993655,19.607460,18.314843,17.109490,15.985616,14.937910,13.961498,13.051894,12.204964,11.416888,10.684128,10.003402,9.371656,8.786045,8.243911,7.742772,7.280302,6.854325,6.462803,6.103824,5.775601,5.476462,5.204847,4.959300,4.738470,4.541107,4.366057,4.212259,4.078747,3.964646,3.869170,3.791620,3.731384,3.687934,3.660828,3.649705,3.654285,3.674371,3.709843,3.760664,3.826873,3.908589,4.006010,4.119416,4.249165,4.395698,4.559542,4.741312,4.941712,5.161543,5.401710,5.663224,5.947213,6.254933,6.587774,6.947280,7.335153,7.753279,8.203735,8.688812,9.211026,9.773138,10.378159,11.029360,11.730261,12.484608,13.296331,14.169457,15.107995,16.115747,17.196062,18.351509,19.583456,20.891600,22.273442,23.723798,25.234440,26.793966,28.388032,30.000000
80.000000,75.825709,71.690144,67.629704,63.676508,59.857059,56.191619,52.694237,49.373264,46.232160,43.270439,40.484600,37.868977,35.416461,33.119080,30.968446,28.956081,27.073646,25.313101,23.666792,22.127508,20.688497,19.343468,18.086573,16.912388,15.815880,14.792382,13.837558,12.947380,12.118094,11.346200,10.628428,9.961718,9.343203,8.770192,8.240158,7.750727,7.299666,6.884877,6.504388,6.156347,5.839021,5.550785,5.290123,5.055623,4.845977,4.659974,4.496502,4.354546,4.233183,4.131583,4.049009,3.984813,3.938433,3.909399,3.897323,3.901905,3.922926,3.960253,4.013834,4.083698,4.169956,4.272801,4.392505,4.529424,4.683997,4.856747,5.048283,5.259304,5.490604,5.743071,6.017698,6.315587,6.637955,6.986146,7.361634,7.766039,8.201133,8.668854,9.171310,9.710794,10.289782,10.910938,11.577103,12.291275,13.056573,13.876180,14.753253,15.690803,16.691526,17.757582,18.890327,20.089992,21.355336,22.683285,24.068633,25.503850,26.979067,28.482309,30.000000
80.000000,76.031904,72.095655,68.221454,64.436436,60.763641,57.221445,53.823449,50.578718,47.492277,44.565744,41.797995,39.185816,36.724474,34.408208,32.230622,30.184997,28.264512,26.462421,24.772160,23.187422,21.702202,20.310817,19.007914,17.788460,16.647736,15.581317,14.585051,13.655047,12.787650,11.979427,11.227146,10.527766,9.878420,9.276404,8.719165,8.204295,7.729522,7.292700,6.891808,6.524944,6.190319,5.886254,5.611179,5.363631,5.142246,4.945767,4.773032,4.622979,4.494644,4.387158,4.299743,4.231719,4.182494,4.151568,4.138529,4.143054,4.164906,4.203934,4.260072,4.333337,4.423830,4.531732,4.657311,4.800913,4.962969,5.143994,5.344586,5.565431,5.807306,6.071077,6.357709,6.668267,7.003919,7.365946,7.755746,8.174839,8.624875,9.107635,9.625041,10.179151,10.772160,11.406390,12.084270,12.808312,13.581067,14.405057,15.282696,16.216165,17.207270,18.257256,19.366590,20.534717,21.759813,23.038539,24.365864,25.734966,27.137281,28.562708,30.000000
80.000000,76.208246,72.443098,68.729969,65.092031,61.549412,58.118714,54.812831,51.641041,48.609292,45.720627,42.975648,40.373009,37.909860,35.582252,33.385472,31.314324,29.363341,27.526954,25.799615,24.175880,22.650471,21.218312,19.874550,18.614564,17.433965,16.328595,15.294513,14.327989,13.425492,12.583678,11.799377,11.069586,10.391458,9.762294,9.179531,8.640744,8.143631,7.686015,7.265837,6.881150,6.530123,6.211030,5.922256,5.662289,5.429722,5.223250,5.041669,4.883876,4.748866,4.635734,4.543667,4.471953,4.419970,4.387191,4.373181,4.377593,4.400171,4.440748,4.499241,4.575653,4.670072,4.782670,4.913701,5.063501,5.232489,5.421165,5.630113,5.860000,6.111578,6.385685,6.683249,7.005288,7.352916,7.727341,8.129875,8.561930,9.025023,9.520779,10.050925,10.617289,11.221790,11.866422,12.553234,13.284296,14.061649,14.887246,15.762868,16.690021,17.669807,18.702771,19.788737,20.926619,22.114248,23.348211,24.623746,25.934702,27.273608,28.631857,30.000000
80.000000,76.360101,72.742750,69.169612,65.660681,62.233654,58.903522,55.682374,52.579398,49.601044,46.751292,44.031983,41.443178,38.983506,36.650486,34.440809,32.350582,30.375522,28.511117,26.752748,25.095775,23.535615,22.067778,20.687907,19.391795,18.175396,17.034829,15.966382,14.966505,14.031807,13.159051,12.345150,11.587155,10.882256,10.227770,9.621145,9.059946,8.541858,8.064682,7.626329,7.224822,6.858292,6.524976,6.223219,5.951469,5.708279,5.492303,5.302299,5.137126,4.995744,4.877211,4.780685,4.705421,4.650771,4.616181,4.601193,4.605438,4.628641,4.670615,4.731262,4.810570,4.908613,5.025548,5.161615,5.317135,5.492513,5.688230,5.904851,6.143017,6.403453,6.686961,6.994426,7.326814,7.685176,8.070643,8.484433,8.927846,9.402265,9.909154,10.450050,11.026556,11.640329,12.293059,12.986445,13.722159,14.501799,15.326829,16.198506,17.117785,18.085216,19.100820,20.163957,21.273194,22.426178,23.619533,24.848802,26.108443,27.391902,28.691767,30.000000
80.000000,76.491649,73.002659,69.551725,66.156275,62.831977,59.592394,56.448796,53.410111,50.483010,47.672069,44.980006,42.407934,39.955630,37.621793,35.404274,33.300282,31.306560,29.419531,27.635409,25.950297,24.360257,22.861360,21.449727,20.121559,18.873151,17.700910,16.601357,15.571134,14.607006,13.705856,12.864690,12.080631,11.350915,10.672895,10.044034,9.461905,8.924187,8.428670,7.973246,7.555913,7.174775,6.828039,6.514015,6.231118,5.977865,5.752876,5.554874,5.382684,5.235233,5.111548,5.010757,4.932087,4.874863,4.838507,4.822536,4.826563,4.850291,4.893515,4.956121,5.038078,5.139446,5.260366,5.401061,5.561835,5.743074,5.945240,6.168870,6.414581,6.683061,6.975074,7.291458,7.633122,8.001048,8.396288,8.819961,9.273256,9.757421,10.273760,10.823627,11.408411,12.029525,12.688379,13.386357,14.124780,14.904861,15.727652,16.593974,17.504344,18.458881,19.457213,20.498378,21.580720,22.701806,23.858363,25.046245,26.260447,27.495184,28.744008,30.000000
80.000000,76.606194,73.229216,69.885382,66.590032,63.357136,60.199011,57.126138,54.147099,51.268605,48.495592,45.831383,43.277871,40.835720,38.504570,36.283222,34.169811,32.161958,30.256901,28.451602,26.742832,25.127248,23.601446,22.162002,20.805510,19.528601,18.327965,17.200362,16.142634,15.151704,14.224590,13.358399,12.550335,11.797694,11.097873,10.448361,9.846747,9.290718,8.778057,8.306648,7.874472,7.479611,7.120249,6.794670,6.501257,6.238500,6.004987,5.799411,5.620567,5.467352,5.338764,5.233904,5.151973,5.092269,5.054193,5.037240,5.040999,5.065157,5.109489,5.173861,5.258228,5.362630,5.487192,5.632118,5.797694,5.984283,6.192323,6.422326,6.674874,6.950622,7.250290,7.574663,7.924593,8.300989,8.704822,9.137115,9.598941,10.091417,10.615695,11.172955,11.764385,12.391172,13.054473,13.755392,14.494942,15.274008,16.093294,16.953267,17.854091,18.795556,19.777000,20.797235,21.854474,22.946274,24.069494,25.220287,26.394122,27.585853,28.789820,30.000000
80.000000,76.706386,73.427563,70.177924,66.971099,63.819637,60.734768,57.726246,54.802266,51.969466,49.232979,46.596536,44.062601,41.632521,39.306679,37.084650,34.965341,32.947120,31.027932,29.205394,27.476881,25.839590,24.290599,22.826914,21.445500,20.143313,18.917320,17.764518,16.681946,15.666697,14.715921,13.826839,12.996741,12.222993,11.503041,10.834412,10.214719,9.641661,9.113026,8.626694,8.180638,7.772925,7.401720,7.065286,6.761983,6.490275,6.248723,6.035995,5.850858,5.692182,5.558940,5.450208,5.365160,5.303075,5.263327,5.245392,5.248840,5.273335,5.318635,5.384589,5.471133,5.578288,5.706160,5.854934,6.024875,6.216321,6.429686,6.665450,6.924165,7.206443,7.512960,7.844449,8.201699,8.585550,8.996887,9.436639,9.905767,10.405263,10.936133,11.499393,12.096047,12.727076,13.393409,14.095903,14.835306,15.612222,16.427067,17.280019,18.170964,19.099437,20.064567,21.065013,22.098919,23.163872,24.256879,25.374372,26.512230,27.665843,28.830199,30.000000
80.000000,76.794372,73.601883,70.435357,67.307012,64.228203,61.209224,58.259162,55.385821,52.595700,49.894013,47.284759,44.770816,42.354048,40.035427,37.815154,35.692775,33.667290,31.737252,29.900852,28.155997,26.500374,24.931504,23.446786,22.043535,20.719016,19.470463,18.295104,17.190174,16.152931,15.180667,14.270716,13.420460,12.627341,11.888861,11.202592,10.566175,9.977331,9.433858,8.933638,8.474642,8.054928,7.672647,7.326046,7.013467,6.733352,6.484241,6.264777,6.073704,5.909868,5.772219,5.659809,5.571792,5.507421,5.466052,5.447140,5.450234,5.474980,5.521117,5.588475,5.676970,5.786607,5.917469,6.069723,6.243609,6.439442,6.657606,6.898552,7.162795,7.450906,7.763516,8.101303,8.464995,8.855360,9.273201,9.719354,10.194675,10.700032,11.236299,11.804336,12.404982,13.039030,13.707208,14.410157,15.148396,15.922292,16.732023,17.577531,18.458485,19.374228,20.323735,21.305568,22.317844,23.358204,24.423808,25.511338,26.617032,27.736730,28.865954,30.000000
80.000000,76.871915,73.755616,70.662639,67.604029,64.590136,61.630442,58.733441,55.906554,53.156101,50.487306,47.904334,45.410354,43.007622,40.697574,38.480914,36.357716,34.327510,32.389369,30.541983,28.783731,27.112735,25.526915,24.024034,22.601733,21.257564,19.989015,18.793536,17.668555,16.611492,15.619778,14.690863,13.822227,13.011388,12.255910,11.553414,10.901577,10.298143,9.740929,9.227824,8.756800,8.325912,7.933303,7.577208,7.255954,6.967966,6.711765,6.485974,6.289316,6.120618,5.978806,5.862913,5.772070,5.705512,5.662574,5.642690,5.645392,5.670307,5.717155,5.785746,5.875978,5.987836,6.121384,6.276765,6.454196,6.653966,6.876431,7.122009,7.391178,7.684469,8.002464,8.345788,8.715107,9.111120,9.534551,9.986145,10.466657,10.976842,11.517448,12.089195,12.692770,13.328798,13.997831,14.700321,15.436592,16.206812,17.010962,17.848796,18.719810,19.623204,20.557844,21.522234,22.514490,23.532323,24.573041,25.633553,26.710403,27.799814,28.897752,30.000000
80.000000,76.940473,73.891618,70.863901,67.867392,64.911587,62.005272,59.156408,56.372057,53.658344,51.020452,48.462637,45.988273,43.599912,41.299346,39.087687,36.965442,34.932585,32.988632,31.132704,29.363591,27.679803,26.079622,24.561137,23.122290,21.760901,20.474697,19.261339,18.118438,17.043575,16.034316,15.088228,14.202886,13.375889,12.604868,11.887493,11.221481,10.604607,10.034705,9.509681,9.027511,8.586251,8.184041,7.819105,7.489761,7.194420,6.931587,6.699870,6.497973,6.324703,6.178969,6.059783,5.966258,5.897611,5.853157,5.832311,5.834587,5.859593,5.907031,5.976693,6.068458,6.182289,6.318230,6.476403,6.656999,6.860281,7.086575,7.336266,7.609796,7.907653,8.230374,8.578529,8.952725,9.353592,9.781779,10.237944,10.722749,11.236843,11.780856,12.355383,12.960972,13.598101,14.267167,14.968458,15.702132,16.468192,17.266454,18.096524,18.957765,19.849266,20.769821,21.717902,22.691642,23.688832,24.706914,25.743003,26.793908,27.856177,28.926145,30.000000
80.000000,77.001268,74.012281,71.042617,68.101524,65.197779,62.339564,59.534367,56.788919,54.109146,51.500156,48.966248,46.510935,44.136983,41.846467,39.640823,37.520911,35.487076,33.539211,31.676807,29.899013,28.204681,26.592413,25.060599,23.607451,22.231038,20.929309,19.700123,18.541267,17.450474,16.425443,15.463854,14.563380,13.721700,12.936511,12.205535,11.526535,10.897317,10.315740,9.779724,9.287257,8.836398,8.425286,8.052143,7.715276,7.413088,7.144071,6.906817,6.700016,6.522459,6.373039,6.250748,6.154684,6.084044,6.038126,6.016330,6.018149,6.043174,6.091089,6.161668,6.254770,6.370339,6.508397,6.669042,6.852443,7.058835,7.288513,7.541831,7.819192,8.121045,8.447878,8.800212,9.178593,9.583588,10.015773,10.475727,10.964020,11.481205,12.027807,12.604305,13.211124,13.848612,14.517030,15.216525,15.947116,16.708664,17.500857,18.323179,19.174887,20.054995,20.962244,21.895095,22.851712,23.829962,24.827418,25.841375,26.868871,27.906730,28.951597,30.000000
80.000000,77.055326,74.119624,71.201725,68.310187,65.453173,62.638342,59.872769,57.162878,54.514401,51.932354,49.421042,46.984066,44.624352,42.344190,40.145276,38.028758,35.995292,34.045084,32.177946,30.393338,28.690413,27.068058,25.524929,24.059487,22.670027,21.354706,20.111565,18.938557,17.833561,16.794404,15.818874,14.904740,14.049760,13.251699,12.508335,11.817473,11.176954,10.584665,10.038545,9.536594,9.076879,8.657541,8.276799,7.932959,7.624412,7.349643,7.107231,6.895854,6.714288,6.561410,6.436198,6.337733,6.265197,6.217870,6.195135,6.196470,6.221447,6.269734,6.341084,6.435339,6.552422,6.692334,6.855151,7.041017,7.250139,7.482784,7.739272,8.019970,8.325287,8.655665,9.011575,9.393508,9.801968,10.237464,10.700499,11.191561,11.711114,12.259585,12.837352,13.444728,14.081948,14.749155,15.446376,16.173510,16.930304,17.716337,18.530997,19.373464,20.242692,21.137393,22.056028,22.996799,23.957648,24.936267,25.930111,26.936418,27.952244,28.974502,30.000000
80.000000,77.103521,74.215365,71.343734,68.496601,65.681603,62.905951,60.176353,57.498955,54.879303,52.322315,49.832273,47.412833,45.067035,42.797333,40.605631,38.493312,36.461287,34.510030,32.639624,30.849800,29.139972,27.509281,25.956621,24.480676,23.079948,21.752782,20.497393,19.311885,18.194276,17.142514,16.154492,15.228072,14.361089,13.551375,12.796763,12.095103,11.444275,10.842191,10.286813,9.776155,9.308294,8.881377,8.493624,8.143337,7.828904,7.548800,7.301597,7.085960,6.900653,6.744540,6.616587,6.515857,6.441519,6.392838,6.369179,6.370005,6.394872,6.443429,6.515413,6.610646,6.729033,6.870552,7.035257,7.223267,7.434764,7.669984,7.929215,8.212790,8.521076,8.854474,9.213405,9.598309,10.009631,10.447815,10.913294,11.406482,11.927760,12.477469,13.055893,13.663250,14.299674,14.965204,15.659767,16.383160,17.135036,17.914886,18.722021,19.555563,20.414423,21.297297,22.202655,23.128741,24.073571,25.034943,26.010454,26.997515,27.993384,28.995196,30.000000
80.000000,77.146602,74.300976,71.470796,68.663537,65.886385,63.146163,60.449255,57.801559,55.208444,52.674725,50.204650,47.801900,45.469594,43.210316,41.026128,38.918607,36.888875,34.937631,33.065189,31.271513,29.556247,27.918753,26.358138,24.873286,23.462887,22.125457,20.859370,19.662873,18.534111,17.471148,16.471978,15.534549,14.656775,13.836550,13.071763,12.360311,11.700109,11.089099,10.525266,10.006642,9.531315,9.097438,8.703235,8.347008,8.027140,7.742105,7.490462,7.270871,7.082084,6.922953,6.792431,6.689569,6.613522,6.563539,6.538973,6.539268,6.563967,6.612701,6.685190,6.781237,6.900728,7.043621,7.209947,7.399800,7.613337,7.850765,8.112342,8.398363,8.709161,9.045093,9.406536,9.793878,10.207510,10.647817,11.115167,11.609905,12.132339,12.682729,13.261279,13.868119,14.503299,15.166767,15.858364,16.577802,17.324655,18.098343,18.898120,19.723059,20.572045,21.443767,22.336712,23.249163,24.179208,25.124743,26.083487,27.053004,28.030723,29.013970,30.000000
80.000000,77.185211,74.377729,71.584775,68.813400,66.070406,63.362274,60.695108,58.074580,55.505898,52.993773,50.542407,48.155488,45.836191,43.587193,41.410686,39.308401,37.281635,35.331275,33.457833,31.661472,29.942035,28.299081,26.731903,25.239567,23.820928,22.474661,21.199284,19.993176,18.854602,17.781732,16.772657,15.825407,14.937970,14.108303,13.334349,12.614049,11.945355,11.326242,10.754716,10.228829,9.746681,9.306434,8.906317,8.544634,8.219768,7.930185,7.674443,7.451191,7.259174,7.097234,6.964311,6.859447,6.781780,6.730549,6.705092,6.704839,6.729316,6.778139,6.851010,6.947717,7.068124,7.212171,7.379866,7.571280,7.786543,8.025837,8.289386,8.577456,8.890340,9.228358,9.591842,9.981134,10.396574,10.838490,11.307194,11.802966,12.326046,12.876626,13.454836,14.060731,14.694283,15.355367,16.043747,16.759067,17.500835,18.268414,19.061010,19.877664,20.717244,21.578437,22.459750,23.359509,24.275867,25.206807,26.150158,27.103616,28.064760,29.031078,30.000000
80.000000,77.219907,74.446726,71.687291,68.948289,66.236189,63.557180,60.917115,58.321468,55.775294,53.283207,50.849356,48.477424,46.170621,43.931693,41.762933,39.666197,37.642926,35.694165,33.820594,32.022546,30.300040,28.652801,27.080293,25.581738,24.156144,22.802328,21.518939,20.304478,19.157320,18.075735,17.057902,16.101933,15.205883,14.367771,13.585592,12.857332,12.180978,11.554537,10.976040,10.443555,9.955199,9.509144,9.103625,8.736949,8.407498,8.113737,7.854220,7.627590,7.432584,7.268035,7.132873,7.026130,6.946931,6.894505,6.868174,6.867355,6.891561,6.940390,7.013531,7.110752,7.231899,7.376892,7.545719,7.738428,7.955124,8.195962,8.461137,8.750883,9.065459,9.405147,9.770239,10.161032,10.577819,11.020878,11.490466,11.986806,12.510078,13.060411,13.637869,14.242444,14.874039,15.532465,16.217424,16.928499,17.665147,18.426683,19.212278,20.020950,20.851553,21.702782,22.573166,23.461072,24.364711,25.282147,26.211307,27.150001,28.095936,29.046743,30.000000
80.000000,77.251180,74.508932,71.779761,69.070042,66.385955,63.733435,61.118115,58.545290,56.019879,53.546399,51.128947,48.771190,46.476357,44.247246,42.086228,39.995260,37.975901,36.029329,34.156364,32.357488,30.632867,28.982379,27.405630,25.901987,24.470592,23.110389,21.820148,20.598481,19.443864,18.354659,17.329130,16.365461,15.461775,14.616149,13.826627,13.091237,12.408006,11.774967,11.190178,10.651726,10.157744,9.706413,9.295978,8.924748,8.591108,8.293522,8.030541,7.800803,7.603038,7.436072,7.298828,7.190325,7.109680,7.056109,7.028921,7.027523,7.051410,7.100169,7.173471,7.271068,7.392788,7.538533,7.708269,7.902024,8.119877,8.361957,8.628434,8.919509,9.235410,9.576383,9.942681,10.334562,10.752274,11.196049,11.666093,12.162579,12.685632,13.235326,13.811667,14.414589,15.043939,15.699471,16.380835,17.087563,17.819069,18.574634,19.353399,20.154364,20.976380,21.818150,22.678227,23.555017,24.446787,25.351671,26.267683,27.192733,28.124642,29.061162,30.000000
80.000000,77.279457,74.565195,71.863435,69.180283,66.521670,63.893308,61.300636,58.748792,56.242567,53.786392,51.384307,49.039958,46.756583,44.537016,42.383689,40.298639,38.283522,36.339628,34.467895,32.668931,30.943032,29.290204,27.710184,26.202463,24.766304,23.400768,22.104729,20.876902,19.715856,18.620040,17.587792,16.617370,15.706956,14.854681,14.058639,13.316900,12.627523,11.988575,11.398135,10.854312,10.355252,9.899152,9.484261,9.108896,8.771443,8.470369,8.204219,7.971630,7.771327,7.602129,7.462951,7.352804,7.270794,7.216127,7.188101,7.186109,7.209635,7.258251,7.331612,7.429455,7.551592,7.697904,7.868340,8.062904,8.281654,8.524695,8.792169,9.084249,9.401132,9.743030,10.110163,10.502748,10.920994,11.365091,11.835200,12.331446,12.853907,13.402606,13.977499,14.578470,15.205317,15.857746,16.535360,17.237654,17.964004,18.713661,19.485748,20.279252,21.093025,21.925779,22.776092,23.642408,24.523043,25.416197,26.319961,27.232332,28.151230,29.074513,30.000000
80.000000,77.305118,74.616266,71.939421,69.280454,66.645083,64.038822,61.466943,58.934439,56.445991,54.005943,51.618284,49.286633,47.014229,44.803931,42.658216,40.579186,38.568578,36.627772,34.757807,32.959399,31.232956,29.578596,27.996170,26.485278,25.045292,23.675374,22.374497,21.141468,19.974940,18.873439,17.835378,16.859077,15.942777,15.084662,14.282869,13.535509,12.840676,12.196464,11.600977,11.052344,10.548728,10.088335,9.669426,9.290323,8.949415,8.645171,8.376135,8.140941,7.938310,7.767056,7.626087,7.514405,7.431108,7.375393,7.346546,7.343948,7.367072,7.415475,7.488800,7.586766,7.709170,7.855875,8.026811,8.221963,8.441366,8.685101,8.953286,9.246066,9.563609,9.906097,10.273716,10.666649,11.085067,11.529121,11.998931,12.494581,13.016105,13.563482,14.136625,14.735371,15.359478,16.008610,16.682334,17.380109,18.101282,18.845084,19.610621,20.396873,21.202695,22.026813,22.867827,23.724216,24.594346,25.476471,26.368753,27.269266,28.176017,29.086957,30.000000
80.000000,77.328499,74.662812,72.008703,69.371842,66.757757,64.171793,61.619071,59.104458,56.632533,54.207561,51.833481,49.513881,47.251997,45.050704,42.912512,40.839575,38.833695,36.896328,35.028599,33.231315,31.504978,29.849807,28.265751,26.752506,25.309540,23.936107,22.631269,21.393913,20.222773,19.116443,18.073405,17.092037,16.170635,15.307432,14.500607,13.748309,13.048665,12.399796,11.799831,11.246918,10.739235,10.275003,9.852489,9.470024,9.126002,8.818890,8.547237,8.309672,8.104914,7.931771,7.789146,7.676034,7.591526,7.534806,7.505155,7.501940,7.524623,7.572748,7.645943,7.743916,7.866445,8.013378,8.184626,8.380154,8.599978,8.844155,9.112780,9.405972,9.723873,10.066635,10.434413,10.827358,11.245608,11.689277,12.158450,12.653171,13.173436,13.719185,14.290292,14.886558,15.507702,16.153353,16.823047,17.516215,18.232182,18.970160,19.729245,20.508413,21.306525,22.122320,22.954423,23.801345,24.661495,25.533180,26.414622,27.303966,28.199294,29.098639,30.000000
80.000000,77.349903,74.705431,72.072167,69.455602,66.861101,64.293858,61.758864,59.260871,56.804364,54.393541,52.032286,49.724161,47.472392,45.279861,43.149106,41.082320,39.081358,37.147738,35.282658,33.487002,31.761357,30.106023,28.521037,27.006182,25.561009,24.184854,22.876857,21.635981,20.461029,19.350663,18.303422,17.317741,16.391967,15.524377,14.713192,13.956596,13.252746,12.599791,11.995884,11.439190,10.927905,10.460260,10.034534,9.649064,9.302248,8.992558,8.718542,8.478828,8.272133,8.097261,7.953109,7.838667,7.753017,7.695337,7.664896,7.661053,7.683256,7.731040,7.804020,7.901886,8.024405,8.171408,8.342788,8.538491,8.758514,9.002894,9.271702,9.565033,9.883004,10.225740,10.593367,10.986007,11.403767,11.846728,12.314941,12.808417,13.327118,13.870949,14.439749,15.033286,15.651249,16.293236,16.958757,17.647221,18.357934,19.090093,19.842789,20.614998,21.405585,22.213307,23.036809,23.874636,24.725233,25.586959,26.458089,27.336829,28.221329,29.109695,30.000000
80.000000,77.369601,74.744664,72.130610,69.532778,66.956388,64.406504,61.887997,59.405519,56.963473,54.565988,52.216903,49.919749,47.677741,45.493763,43.370371,41.309791,39.313919,37.384326,35.522271,33.728702,32.004277,30.349372,28.764096,27.248309,25.801637,24.423488,23.113072,21.869420,20.691398,19.577728,18.527004,17.537713,16.608248,15.736928,14.922012,14.161717,13.454231,12.797728,12.190382,11.630379,11.115928,10.645275,10.216708,9.828571,9.479268,9.167273,8.891135,8.649483,8.441032,8.264582,8.119026,8.003348,7.916624,7.858023,7.826806,7.822323,7.844011,7.891393,7.964071,8.061724,8.184103,8.331024,8.502362,8.698048,8.918059,9.162412,9.431156,9.724365,10.042131,10.384553,10.751734,11.143766,11.560726,12.002668,12.469613,12.961541,13.478383,14.020012,14.586241,15.176806,15.791368,16.429504,17.090699,17.774344,18.479730,19.206047,19.952378,20.717703,21.500896,22.300726,23.115863,23.944881,24.786261,25.638406,26.499640,27.368225,28.242373,29.120250,30.000000
80.000000,77.387840,74.780998,72.184756,69.604319,67.044780,64.511085,62.008003,59.540094,57.111686,54.726847,52.389372,50.102763,47.870217,45.694622,43.578544,41.524232,39.533617,37.608315,35.749631,33.958574,32.235859,30.581927,28.996952,27.480860,26.033342,24.653873,23.341724,22.095987,20.915584,19.799293,18.745758,17.753513,16.820994,15.946558,15.128501,14.365072,13.654485,12.994940,12.384632,11.821765,11.304563,10.831285,10.400228,10.009744,9.658242,9.344202,9.066172,8.822783,8.612747,8.434863,8.288020,8.171195,8.083459,8.023975,7.991994,7.986858,8.007995,8.054915,8.127209,8.224545,8.346657,8.493348,8.664479,8.859962,9.079756,9.323860,9.592303,9.885138,10.202433,10.544266,10.910713,11.301842,11.717705,12.158328,12.623704,13.113787,13.628479,14.167629,14.731019,15.318365,15.929303,16.563388,17.220088,17.898778,18.598738,19.319151,20.059100,20.817567,21.593435,22.385490,23.192423,24.012834,24.845241,25.688084,26.539735,27.398506,28.262660,29.130424,30.000000
80.000000,77.404843,74.814880,72.235268,69.671093,67.127338,64.608846,62.120291,59.666155,57.250695,54.877924,52.551595,50.275180,48.051862,45.884523,43.775738,41.727774,39.742589,37.821832,35.966854,34.178708,32.458164,30.805714,29.221591,27.705779,26.258026,24.877865,23.564623,22.317445,21.135307,20.017034,18.961318,17.966734,17.031759,16.154786,15.334145,14.568112,13.854930,13.192821,12.580001,12.014691,11.495130,11.019589,10.586375,10.193849,9.840424,9.524584,9.244881,8.999945,8.788488,8.609305,8.461283,8.343396,8.254708,8.194375,8.161641,8.155839,8.176387,8.222786,8.294617,8.391532,8.513255,8.659574,8.830334,9.025433,9.244812,9.488452,9.756362,10.048577,10.365143,10.706116,11.071550,11.461489,11.875962,12.314969,12.778480,13.266423,13.778676,14.315064,14.875348,15.459219,16.066296,16.696115,17.348128,18.021701,18.716103,19.430514,20.164017,20.915599,21.684153,22.468480,23.267293,24.079219,24.902807,25.736534,26.578813,27.428003,28.282415,29.140329,30.000000
80.000000,77.420818,74.846720,72.282753,69.733900,67.205043,64.700935,62.226169,59.785149,57.382073,55.020903,52.705350,50.438860,48.224598,46.065439,43.963963,41.922451,39.942879,38.026929,36.175983,34.391136,32.673201,31.022718,29.439970,27.924989,26.477577,25.097315,23.783583,22.535572,21.352305,20.232653,19.175348,18.179005,17.242139,16.363175,15.540474,14.772340,14.057041,13.392822,12.777916,12.210562,11.689015,11.211555,10.776502,10.382222,10.027136,9.709731,9.428561,9.182259,8.969534,8.789183,8.640086,8.521216,8.431630,8.370479,8.336999,8.330516,8.350440,8.396260,8.467546,8.563940,8.685153,8.830960,9.001191,9.195728,9.414497,9.657461,9.924612,10.215965,10.531548,10.871396,11.235540,11.624006,12.036797,12.473893,12.935242,13.420748,13.930269,14.463607,15.020504,15.600633,16.203595,16.828911,17.476022,18.144283,18.832959,19.541227,20.268171,21.012786,21.773974,22.550554,23.341257,24.144737,24.959572,25.784275,26.617296,27.457036,28.301853,29.150073,30.000000
80.000000,77.435955,74.876895,72.327773,69.793478,67.278805,64.788422,62.326850,59.898427,57.507293,55.157363,52.852312,50.595557,48.390246,46.239247,44.145138,42.110211,40.136459,38.225584,36.379000,34.597835,32.882937,31.234890,29.654017,28.140396,26.693873,25.314074,24.000422,22.752155,21.568335,20.447874,19.389542,18.391992,17.453769,16.573333,15.749071,14.979313,14.262352,13.596452,12.979867,12.410850,11.887670,11.408620,10.972028,10.576269,10.219771,9.901024,9.618585,9.371088,9.157243,8.975845,8.825772,8.705992,8.615560,8.553619,8.519400,8.512220,8.531480,8.576662,8.647324,8.743097,8.863681,9.008836,9.178380,9.372180,9.590146,9.832226,10.098393,10.388646,10.702993,11.041450,11.404030,11.790737,12.201554,12.636442,13.095326,13.578093,14.084579,14.614569,15.167785,15.743887,16.342458,16.963010,17.604973,18.267694,18.950436,19.652373,20.372594,21.110101,21.863809,22.632551,23.415079,24.210071,25.016134,25.831812,26.655594,27.485918,28.321184,29.159761,30.000000
80.000000,77.450431,74.905760,72.370854,69.850519,67.349471,64.872305,62.423474,60.007257,57.627741,55.288798,52.994067,50.746939,48.550543,46.407738,44.321103,42.292930,40.325228,38.419718,36.577836,34.800736,33.089302,31.444151,29.865642,28.353892,26.908786,25.529992,24.216970,22.968998,21.785176,20.664451,19.605630,18.607397,17.668329,16.786914,15.961566,15.190641,14.472451,13.805282,13.187404,12.617087,12.092612,11.612285,11.174443,10.777469,10.419796,10.099919,9.816400,9.567872,9.353046,9.170717,9.019761,8.899142,8.807910,8.745204,8.710248,8.702352,8.720910,8.765393,8.835351,8.930404,9.050238,9.194604,9.363304,9.556192,9.773164,10.014150,10.279110,10.568023,10.880881,11.217681,11.578419,11.963079,12.371626,12.804002,13.260113,13.739826,14.242963,14.769290,15.318515,15.890282,16.484163,17.099660,17.736194,18.393108,19.069662,19.765033,20.478314,21.208514,21.954560,22.715303,23.489513,24.275894,25.073079,25.879643,26.694108,27.514951,28.340610,29.169496,30.000000
80.000000,77.464413,74.933645,72.412487,69.905671,67.417840,64.953525,62.517116,60.112838,57.744731,55.416624,53.132124,50.894596,48.707151,46.572637,44.493629,42.472422,40.511035,38.611201,36.774375,35.001737,33.294197,31.652399,30.076737,28.567361,27.124190,25.746926,24.435067,23.187922,22.004629,20.884166,19.825373,18.826962,17.887540,17.005621,16.179644,15.407988,14.688985,14.020941,13.402142,12.830873,12.305428,11.824124,11.385309,10.987371,10.628751,10.307949,10.023528,9.774126,9.558453,9.375303,9.223551,9.102157,9.010169,8.946719,8.911027,8.902396,8.920210,8.963933,9.033105,9.127336,9.246301,9.389738,9.557436,9.749237,9.965022,10.204705,10.468231,10.755563,11.066676,11.401551,11.760164,12.142483,12.548456,12.978006,13.431023,13.907358,14.406814,14.929145,15.474045,16.041144,16.630007,17.240124,17.870912,18.521710,19.191778,19.880295,20.586359,21.308990,22.047127,22.799637,23.565311,24.342874,25.130988,25.928257,26.733236,27.544436,28.360334,29.179378,30.000000
80.000000,77.478056,74.960862,72.453136,69.959545,67.484667,65.032972,62.608795,60.216310,57.859512,55.542193,53.267927,51.040055,48.861669,46.735606,44.664434,42.650450,40.695677,38.801860,36.970471,35.202706,33.499498,31.861518,30.289187,28.782684,27.341958,25.966742,24.656567,23.410772,22.228525,21.108834,20.050569,19.052469,18.113168,17.231204,16.405039,15.633074,14.913660,14.245121,13.625759,13.053873,12.527772,12.045780,11.606256,11.207597,10.848250,10.526718,10.241569,9.991442,9.775049,9.591183,9.438717,9.316611,9.223906,9.159731,9.123301,9.113910,9.130937,9.173837,9.242141,9.335447,9.453421,9.595788,9.762326,9.952862,10.167264,10.405432,10.667295,10.952801,11.261908,11.594581,11.950780,12.330456,12.733540,13.159939,13.609527,14.082140,14.577567,15.095547,15.635762,16.197833,16.781314,17.385690,18.010374,18.654702,19.317934,19.999255,20.697768,21.412503,22.142414,22.886383,23.643221,24.411678,25.190441,25.978144,26.773373,27.574673,28.380556,29.189508,30.000000
80.000000,77.491511,74.987706,72.493243,70.012725,67.550672,65.111498,62.699486,60.318764,57.973285,55.666805,53.402868,51.184791,49.015647,46.898259,44.835189,42.828734,40.880917,38.993494,37.167945,35.405486,33.707067,32.073381,30.504871,29.001743,27.563973,26.191321,24.883344,23.639412,22.458719,21.340302,20.283055,19.285744,18.347026,17.465464,16.639540,15.867675,15.148240,14.479575,13.859997,13.287821,12.761364,12.278965,11.838990,11.439845,11.079981,10.757908,10.472197,10.221489,10.004498,9.820016,9.666916,9.544153,9.450768,9.385884,9.348709,9.338534,9.354729,9.396740,9.464089,9.556366,9.673225,9.814379,9.979595,10.168686,10.381506,10.617943,10.877909,11.161337,11.468170,11.798358,12.151844,12.528563,12.928431,13.351339,13.797146,14.265674,14.756699,15.269947,15.805090,16.361739,16.939442,17.537676,18.155853,18.793307,19.449302,20.123026,20.813590,21.520036,22.241332,22.976376,23.724001,24.482978,25.252022,26.029796,26.814915,27.605960,28.401476,29.199987,30.000000
80.000000,77.504918,75.014462,72.533231,70.065769,67.616543,65.189917,62.790124,60.421250,58.087207,55.791717,53.538296,51.330235,49.170590,47.062170,45.007529,43.008959,41.068486,39.187870,37.368602,35.611908,33.918755,32.289854,30.725669,29.226427,27.792128,26.422556,25.117294,23.875736,22.697101,21.580452,20.524706,19.528654,18.590975,17.710252,16.884990,16.113626,15.394551,14.726119,14.106664,13.534513,13.007997,12.525463,12.085287,11.685882,11.325707,11.003277,10.717165,10.466016,10.248544,10.063542,9.909882,9.786517,9.692484,9.626902,9.588976,9.577987,9.593301,9.634355,9.700662,9.791802,9.907418,10.047213,10.210941,10.398403,10.609438,10.843921,11.101749,11.382841,11.687124,12.014533,12.364996,12.738431,13.134740,13.553800,13.995454,14.459512,14.945737,15.453845,15.983496,16.534295,17.105781,17.697431,18.308651,18.938777,19.587077,20.252742,20.934896,21.632590,22.344807,23.070464,23.808414,24.557452,25.316320,26.083707,26.858263,27.638599,28.423298,29.210917,30.000000
80.000000,77.518416,75.041403,72.573505,70.119215,67.682947,65.269018,62.881616,60.524784,58.202399,55.918148,53.675520,51.477782,49.327970,47.228881,45.183057,43.192786,41.260094,39.386742,37.574229,35.823792,34.136408,32.512805,30.953464,29.458633,28.028330,26.662362,25.360334,24.121663,22.945592,21.831204,20.777440,19.783113,18.846923,17.967472,17.143285,16.372817,15.654476,14.986632,14.367633,13.795818,13.269530,12.787128,12.346996,11.947554,11.587268,11.264658,10.978302,10.726845,10.509006,10.323577,10.169428,10.045511,9.950860,9.884591,9.845901,9.834069,9.848450,9.888476,9.953650,10.043542,10.157785,10.296071,10.458140,10.643783,10.852824,11.085123,11.340566,11.619054,11.920501,12.244825,12.591940,12.961750,13.354141,13.768974,14.206083,14.665260,15.146260,15.648787,16.172493,16.716975,17.281767,17.866341,18.470104,19.092394,19.732481,20.389565,21.062778,21.751185,22.453784,23.169510,23.897240,24.635791,25.383931,26.140382,26.903823,27.672898,28.446226,29.222399,30.000000
80.000000,77.532137,75.068793,72.614461,70.173584,67.750529,65.349566,62.974841,60.630357,58.319955,56.047291,53.815825,51.628800,49.489235,47.399909,45.363356,43.381857,41.457433,39.591849,37.786607,36.042951,34.361871,32.744105,31.190151,29.700271,28.274504,26.912676,25.614411,24.379147,23.206147,22.094516,21.043216,20.051080,19.116826,18.239079,17.416378,16.647198,15.929962,15.263055,14.644839,14.073667,13.547892,13.065884,12.626035,12.226775,11.866575,11.543959,11.257512,11.005881,10.787785,10.602017,10.447447,10.323026,10.227784,10.160834,10.121368,10.108657,10.122052,10.160976,10.224922,10.313451,10.426187,10.562808,10.723044,10.906671,11.113502,11.343382,11.596182,11.871788,12.170101,12.491022,12.834451,13.200276,13.588368,13.998578,14.430721,14.884582,15.359901,15.856373,16.373643,16.911300,17.468874,18.045835,18.641588,19.255475,19.886771,20.534684,21.198356,21.876865,22.569228,23.274398,23.991273,24.718699,25.455469,26.200334,26.952008,27.709169,28.470469,29.234540,30.000000
80.000000,77.546210,75.096889,72.656482,70.229385,67.819918,65.432308,63.070660,60.738938,58.440948,56.180316,53.960472,51.784637,49.655810,47.576755,45.549993,43.577798,41.662187,39.804923,38.007512,36.271203,34.596993,32.985634,31.437633,29.953270,28.532597,27.175459,25.881497,24.650169,23.480757,22.372386,21.324036,20.334559,19.402693,18.527079,17.706276,16.938775,16.223013,15.557391,14.940285,14.370059,13.845080,13.363725,12.924398,12.525535,12.165614,11.843165,11.556777,11.305099,11.086854,10.900834,10.745910,10.621030,10.525222,10.457595,10.417336,10.403711,10.416062,10.453806,10.516426,10.603475,10.714563,10.849360,11.007582,11.188991,11.393388,11.620604,11.870493,12.142929,12.437796,12.754981,13.094368,13.455830,13.839225,14.244387,14.671122,15.119199,15.588349,16.078258,16.588561,17.118842,17.668628,18.237385,18.824521,19.429379,20.051241,20.689323,21.342780,22.010705,22.692131,23.386032,24.091331,24.806898,25.531557,26.264090,27.003244,27.747731,28.496242,29.247446,30.000000
80.000000,77.560760,75.125943,72.699945,70.287116,67.891733,65.517979,63.169919,60.851480,58.566434,56.318374,54.110706,51.946624,49.829108,47.760905,45.744524,43.782229,41.876032,40.027694,38.238721,36.510366,34.843633,33.239282,31.697832,30.219574,28.804576,27.452697,26.163596,24.936748,23.771452,22.666851,21.621944,20.635601,19.706578,18.833533,18.015042,17.249611,16.535694,15.871706,15.256035,14.687059,14.163156,13.682714,13.244144,12.845892,12.486443,12.164331,11.878150,11.626554,11.408265,11.222079,11.066864,10.941568,10.845217,10.776914,10.735844,10.721265,10.732513,10.768995,10.830189,10.915634,11.024931,11.157737,11.313757,11.492740,11.694471,11.918767,12.165469,12.434434,12.725530,13.038630,13.373602,13.730304,14.108579,14.508247,14.929100,15.370896,15.833355,16.316153,16.818918,17.341227,17.882604,18.442514,19.020366,19.615507,20.227225,20.854746,21.497239,22.153811,22.823514,23.505346,24.198253,24.901133,25.612841,26.332191,27.057965,27.788914,28.523765,29.261228,30.000000
80.000000,77.575914,75.156203,72.745220,70.347268,67.966581,65.607300,63.273451,60.968924,58.697455,56.462609,54.267761,52.116083,50.010532,47.953839,45.948500,43.996766,42.100646,40.261894,38.482016,36.762268,35.103659,33.506954,31.972684,30.501150,29.092433,27.746405,26.462742,25.240933,24.080295,22.979989,21.939029,20.956304,20.030586,19.160551,18.344790,17.581825,16.870127,16.208122,15.594215,15.026794,14.504248,14.024977,13.587402,13.189975,12.831189,12.509584,12.223758,11.972370,11.754143,11.567873,11.412431,11.286761,11.189886,11.120908,11.079005,11.063430,11.073512,11.108650,11.168311,11.252025,11.359383,11.490027,11.643651,11.819990,12.018815,12.239927,12.483152,12.748332,13.035318,13.343968,13.674133,14.025656,14.398365,14.792065,15.206535,15.641521,16.096730,16.571830,17.066441,17.580135,18.112431,18.662795,19.230636,19.815306,20.416101,21.032258,21.662957,22.307325,22.964433,23.633302,24.312905,25.002170,25.699984,26.405195,27.116623,27.833057,28.553266,29.276000,30.000000
80.000000,77.591793,75.187915,72.792673,70.410326,68.045065,65.700989,63.382084,61.092203,58.835049,56.614153,54.432864,52.294327,50.201480,48.157034,46.163469,44.223027,42.337707,40.509259,38.739187,37.028747,35.378952,33.790573,32.264147,30.799987,29.398185,28.058626,26.780999,25.564810,24.409390,23.313917,22.277421,21.298809,20.376868,19.510292,18.697686,17.937591,17.228488,16.568822,15.957009,15.391450,14.870547,14.392708,13.956364,13.559977,13.202046,12.881119,12.595796,12.344741,12.126680,11.940411,11.784802,11.658799,11.561421,11.491766,11.449007,11.432393,11.441243,11.474949,11.532967,11.614820,11.720083,11.848389,11.999417,12.172887,12.368555,12.586209,12.825657,13.086724,13.369246,13.673063,13.998010,14.343913,14.710586,15.097817,15.505372,15.932984,16.380348,16.847123,17.332920,17.837306,18.359797,18.899857,19.456897,20.030276,20.619296,21.223206,21.841202,22.472428,23.115977,23.770896,24.436185,25.110803,25.793673,26.483680,27.179681,27.880510,28.584977,29.291879,30.000000
80.000000,77.608519,75.221321,72.842668,70.476773,68.127784,65.799757,63.496640,61.222247,58.980246,56.774137,54.607238,52.482671,50.403349,48.371965,46.390983,44.462632,42.588900,40.771534,39.012033,37.311653,35.671408,34.092075,32.574198,31.118097,29.723875,28.391431,27.120465,25.910497,24.760875,23.670790,22.639292,21.665300,20.747621,19.884963,19.075948,18.319131,17.613010,16.956043,16.346660,15.783275,15.264300,14.788157,14.353285,13.958155,13.601273,13.281194,12.996524,12.745929,12.528139,12.341952,12.186239,12.059942,11.962079,11.891745,11.848106,11.830405,11.837956,11.870139,11.926404,12.006258,12.109269,12.235053,12.383277,12.553646,12.745900,12.959810,13.195168,13.451782,13.729470,14.028053,14.347351,14.687172,15.047313,15.427547,15.827623,16.247263,16.686149,17.143928,17.620205,18.114539,18.626444,19.155383,19.700769,20.261965,20.838285,21.428988,22.033286,22.650344,23.279277,23.919158,24.569020,25.227854,25.894619,26.568242,27.247623,27.931637,28.619144,29.308987,30.000000
80.000000,77.626214,75.256665,72.895566,70.547088,68.215332,65.904313,63.617937,61.359980,59.134075,56.943688,54.792107,52.682428,50.617538,48.600112,46.632596,44.717205,42.855919,41.050474,39.302366,37.612850,35.982941,34.413419,32.904834,31.457514,30.071572,28.746917,27.483263,26.280144,25.136921,24.052802,23.026850,22.058004,21.145084,20.286815,19.481836,18.728717,18.025971,17.372071,16.765460,16.204566,15.687813,15.213633,14.780477,14.386823,14.031187,13.712129,13.428262,13.178255,12.960842,12.774822,12.619066,12.492515,12.394186,12.323168,12.278624,12.259789,12.265970,12.296538,12.350932,12.428650,12.529243,12.652318,12.797524,12.964551,13.153124,13.362995,13.593938,13.845744,14.118212,14.411145,14.724342,15.057596,15.410684,15.783363,16.175366,16.586400,17.016134,17.464205,17.930208,18.413696,18.914178,19.431117,19.963929,20.511982,21.074598,21.651051,22.240571,22.842341,23.455503,24.079159,24.712373,25.354175,26.003562,26.659504,27.320947,27.986816,28.656019,29.327451,30.000000
80.000000,77.644999,75.294187,72.951730,70.621751,68.308306,66.015366,63.746795,61.506331,59.297567,57.123936,54.988695,52.894912,50.845449,48.842958,46.889869,44.988382,43.140463,41.347842,39.612009,37.934216,36.315478,34.756578,33.258072,31.820294,30.443367,29.127210,27.871549,26.675931,25.539733,24.462176,23.442342,22.479182,21.571535,20.718141,19.917656,19.168665,18.469697,17.819240,17.215751,16.657672,16.143438,15.671495,15.240302,14.848349,14.494158,14.176298,13.893387,13.644098,13.427169,13.241401,13.085665,12.958901,12.860123,12.788417,12.742941,12.722924,12.727663,12.756521,12.808926,12.884363,12.982372,13.102543,13.244511,13.407949,13.592564,13.798091,14.024284,14.270914,14.537761,14.824608,15.131235,15.457414,15.802902,16.167440,16.550744,16.952503,17.372374,17.809981,18.264908,18.736702,19.224867,19.728865,20.248114,20.781989,21.329820,21.890898,22.464467,23.049736,23.645872,24.252009,24.867247,25.490653,26.121269,26.758111,27.400175,28.046438,28.695863,29.347402,30.000000
80.000000,77.664996,75.334130,73.011521,70.701241,68.407301,66.133626,63.884035,61.662226,59.471752,57.316013,55.198231,53.121443,51.088489,49.101995,47.164372,45.277804,43.444245,41.665416,39.942799,38.277643,36.670964,35.123546,33.635949,32.208515,30.841374,29.534456,28.287501,27.100066,25.971543,24.901170,23.888043,22.931130,22.029286,21.181268,20.385749,19.641329,18.946554,18.299926,17.699918,17.144984,16.633576,16.164148,15.735173,15.345148,14.992607,14.676125,14.394325,14.145888,13.929552,13.744123,13.588470,13.461534,13.362327,13.289930,13.243496,13.222246,13.225470,13.252521,13.302816,13.375826,13.471079,13.588148,13.726652,13.886246,14.066620,14.267487,14.488582,14.729656,14.990467,15.270776,15.570343,15.888916,16.226235,16.582019,16.955965,17.347745,17.757002,18.183343,18.626345,19.085544,19.560440,20.050492,20.555122,21.073709,21.605595,22.150083,22.706440,23.273895,23.851648,24.438864,25.034681,25.638210,26.248539,26.864736,27.485849,28.110914,28.738952,29.368979,30.000000
80.000000,77.686325,75.376736,73.075300,70.786040,68.512915,66.259804,64.030479,61.828596,59.657668,57.521055,55.421946,53.363348,51.348071,49.378718,47.457679,45.587122,43.768986,42.004981,40.296583,38.645037,37.051357,35.516330,34.040518,32.624271,31.267727,29.970826,28.733319,27.554778,26.434610,25.372066,24.366258,23.416173,22.520681,21.678556,20.888488,20.149096,19.458939,18.816538,18.220379,17.668932,17.160662,16.694036,16.267538,15.879676,15.528994,15.214073,14.933546,14.686095,14.470466,14.285464,14.129961,14.002897,13.903280,13.830189,13.782770,13.760238,13.761873,13.787020,13.835081,13.905516,13.997837,14.111602,14.246411,14.401902,14.577742,14.773626,14.989267,15.224393,15.478738,15.752041,16.044038,16.354456,16.683011,17.029399,17.393299,17.774362,18.172213,18.586447,19.016625,19.462276,19.922892,20.397931,20.886814,21.388928,21.903625,22.430223,22.968010,23.516241,24.074145,24.640925,25.215760,25.797807,26.386206,26.980079,27.578534,28.180669,28.785571,29.392323,30.000000
80.000000,77.709109,75.422249,73.143433,70.876630,68.625748,66.394614,64.186954,62.006377,59.856353,57.740203,55.661080,53.621957,51.625615,49.674633,47.771376,45.917996,44.116415,42.368334,40.675221,39.038315,37.458628,35.936950,34.473846,33.069672,31.724574,30.438504,29.211223,28.042318,26.931210,25.877165,24.879313,23.936657,23.048085,22.212389,21.428275,20.694380,20.009282,19.371515,18.779585,18.231975,17.727164,17.263633,16.839879,16.454421,16.105812,15.792643,15.513551,15.267228,15.052421,14.867939,14.712655,14.585507,14.485503,14.411715,14.363286,14.339423,14.339396,14.362539,14.408243,14.475953,14.565165,14.675420,14.806299,14.957421,15.128431,15.319001,15.528822,15.757595,16.005033,16.270848,16.554750,16.856442,17.175614,17.511941,17.865075,18.234649,18.620268,19.021509,19.437918,19.869015,20.314282,20.773175,21.245115,21.729495,22.225676,22.732994,23.250757,23.778248,24.314730,24.859444,25.411613,25.970447,26.535139,27.104872,27.678820,28.256149,28.836019,29.417585,30.000000
80.000000,77.733470,75.470914,73.216285,70.973497,68.746403,66.538776,64.354291,62.196508,60.068853,57.974605,55.916878,53.898609,51.922550,49.991250,48.107054,46.272092,44.488272,42.757281,41.080579,39.459401,37.894758,36.387437,34.938011,33.546839,32.214077,30.939688,29.723445,28.564948,27.463634,26.418786,25.429549,24.494945,23.613881,22.785166,22.007526,21.279613,20.600026,19.967316,19.380004,18.836591,18.335570,17.875438,17.454702,17.071895,16.725580,16.414356,16.136871,15.891820,15.677955,15.494089,15.339095,15.211912,15.111544,15.037061,14.987599,14.962356,14.960594,14.981636,15.024859,15.089692,15.175616,15.282154,15.408866,15.555348,15.721226,15.906145,16.109772,16.331782,16.571859,16.829690,17.104957,17.397334,17.706486,18.032059,18.373682,18.730964,19.103486,19.490807,19.892458,20.307942,20.736735,21.178285,21.632015,22.097322,22.573578,23.060135,23.556322,24.061453,24.574826,25.095724,25.623419,26.157174,26.696245,27.239880,27.787325,28.337822,28.890608,29.444922,30.000000
80.000000,77.759532,75.522977,73.294225,71.077130,68.875487,66.693011,64.533324,62.399934,60.296219,58.225412,56.190588,54.194647,52.240306,50.330087,48.466310,46.651083,44.886299,43.173632,41.514532,39.910229,38.361732,36.869828,35.435095,34.057898,32.738403,31.476582,30.272222,29.124937,28.034180,26.999252,26.019316,25.093410,24.220461,23.399299,22.628667,21.907239,21.233630,20.606411,20.024119,19.485274,18.988384,18.531960,18.114525,17.734624,17.390830,17.081754,16.806049,16.562420,16.349622,16.166472,16.011845,15.884678,15.783974,15.708799,15.658281,15.631613,15.628045,15.646889,15.687507,15.749314,15.831771,15.934382,16.056688,16.198260,16.358700,16.537627,16.734679,16.949506,17.181762,17.431102,17.697179,17.979639,18.278112,18.592220,18.921561,19.265716,19.624244,19.996681,20.382537,20.781302,21.192438,21.615388,22.049573,22.494392,22.949228,23.413450,23.886410,24.367454,24.855916,25.351125,25.852406,26.359082,26.870473,27.385904,27.904696,28.426174,28.949665,29.474498,30.000000
80.000000,77.787420,75.578686,73.377623,71.188021,69.013610,66.858046,64.724893,62.617604,60.539505,58.493783,56.483467,54.511419,52.580322,50.692667,48.850746,47.056648,45.312246,43.619202,41.978956,40.392733,38.861538,37.386162,35.967184,34.604978,33.299719,32.051390,30.859793,29.724556,28.645148,27.620889,26.650961,25.734421,24.870217,24.057198,23.294128,22.579700,21.912551,21.291269,20.714412,20.180517,19.688108,19.235713,18.821871,18.445138,18.104100,17.797378,17.523635,17.281582,17.069982,16.887653,16.733472,16.606377,16.505368,16.429507,16.377917,16.349780,16.344338,16.360889,16.398781,16.457412,16.536226,16.634703,16.752363,16.888753,17.043447,17.216038,17.406134,17.613354,17.837319,18.077654,18.333978,18.605901,18.893025,19.194935,19.511199,19.841369,20.184974,20.541525,20.910512,21.291402,21.683646,22.086677,22.499911,22.922752,23.354591,23.794812,24.242794,24.697913,25.159545,25.627066,26.099860,26.577313,27.058819,27.543782,28.031610,28.521720,29.013535,29.506485,30.000000
80.000000,77.817258,75.638290,73.466853,71.306663,69.161386,67.034613,64.929843,62.850473,60.799773,58.780879,56.796775,54.850280,52.944040,51.080513,49.261966,47.490463,45.767860,44.095803,42.475725,40.908843,39.396161,37.938471,36.536358,35.190201,33.900187,32.666310,31.488388,30.366064,29.298827,28.286013,27.326825,26.420342,25.565531,24.761263,24.006325,23.299430,22.639236,22.024353,21.453357,20.924804,20.437238,19.989202,19.579251,19.205957,18.867917,18.563764,18.292171,18.051856,17.841589,17.660190,17.506541,17.379578,17.278300,17.201765,17.149087,17.119443,17.112063,17.126230,17.161278,17.216588,17.291582,17.385720,17.498497,17.629434,17.778076,17.943987,18.126743,18.325929,18.541132,18.771942,19.017940,19.278702,19.553791,19.842756,20.145131,20.460433,20.788160,21.127792,21.478794,21.840611,22.212677,22.594411,22.985225,23.384522,23.791702,24.206166,24.627317,25.054564,25.487325,25.925031,26.367124,26.813064,27.262324,27.714394,28.168779,28.624997,29.082579,29.541064,30.000000
80.000000,77.849173,75.702043,73.562290,71.433557,69.319436,67.223447,65.149025,63.099501,61.078089,59.087868,57.131775,55.212584,53.332902,51.495153,49.701574,47.954206,46.254886,44.605246,43.006708,41.460484,39.967577,38.528780,37.144683,35.815676,34.541953,33.323524,32.160222,31.051708,29.997488,28.996921,28.049229,27.153513,26.308764,25.513876,24.767656,24.068842,23.416113,22.808102,22.243405,21.720599,21.238246,20.794910,20.389159,20.019582,19.684790,19.383428,19.114179,18.875770,18.666976,18.486625,18.333598,18.206833,18.105327,18.028132,17.974359,17.943173,17.933794,17.945491,17.977582,18.029429,18.100433,18.190032,18.297693,18.422910,18.565197,18.724087,18.899120,19.089846,19.295816,19.516579,19.751677,20.000645,20.263006,20.538269,20.825928,21.125461,21.436330,21.757983,22.089852,22.431357,22.781911,23.140917,23.507777,23.881894,24.262673,24.649531,25.041896,25.439211,25.840940,26.246569,26.655609,27.067593,27.482084,27.898668,28.316954,28.736574,29.157177,29.578428,30.000000
80.000000,77.883292,75.770198,73.664314,71.569205,69.488381,67.425290,65.383292,63.365652,61.375521,59.415921,57.489735,55.599690,53.748352,51.938110,50.171170,48.449548,46.775062,45.149329,43.573762,42.049567,40.577746,39.159095,37.794210,36.483490,35.227142,34.025190,32.877484,31.783704,30.743376,29.755880,28.820463,27.936247,27.102248,26.317383,25.580484,24.890314,24.245575,23.644922,23.086975,22.570331,22.093573,21.655284,21.254051,20.888478,20.557192,20.258850,19.992146,19.755817,19.548646,19.369464,19.217156,19.090661,18.988974,18.911142,18.856270,18.823515,18.812082,18.821229,18.850256,18.898505,18.965356,19.050219,19.152537,19.271773,19.407409,19.558941,19.725875,19.907721,20.103989,20.314185,20.537809,20.774350,21.023287,21.284084,21.556191,21.839042,22.132058,22.434647,22.746207,23.066127,23.393792,23.728588,24.069902,24.417133,24.769690,25.127004,25.488527,25.853739,26.222150,26.593307,26.966791,27.342220,27.719251,28.097578,28.476925,28.857049,29.237733,29.618778,30.000000
80.000000,77.919744,75.843011,73.773309,71.714113,69.668851,67.640886,65.633504,63.649896,61.693144,59.766211,57.871921,56.012955,54.191832,52.410904,50.672348,48.978152,47.330114,45.729839,44.178728,42.677984,41.228607,39.831398,38.486961,37.195703,35.957847,34.773433,33.642327,32.564232,31.538696,30.565120,29.642776,28.770812,27.948268,27.174088,26.447130,25.766180,25.129968,24.537171,23.986435,23.476379,23.005609,22.572726,22.176337,21.815064,21.487549,21.192463,20.928514,20.694446,20.489052,20.311168,20.159683,20.033536,19.931721,19.853281,19.797314,19.762968,19.749436,19.755961,19.781824,19.826348,19.888888,19.968831,20.065588,20.178590,20.307286,20.451135,20.609602,20.782155,20.968260,21.167377,21.378959,21.602445,21.837265,22.082832,22.338547,22.603795,22.877951,23.160377,23.450430,23.747462,24.050827,24.359885,24.674007,24.992582,25.315021,25.640766,25.969292,26.300116,26.632799,26.966949,27.302225,27.638336,27.975043,28.312156,28.649529,28.987058,29.324672,29.662328,30.000000
80.000000,77.958658,75.920741,73.889659,71.868793,69.861477,67.870988,65.900526,63.953205,62.032036,60.139913,58.279603,56.453733,54.664778,52.915049,51.206691,49.541666,47.921753,46.348541,44.823424,43.347599,41.922069,40.547639,39.224921,37.954336,36.736120,35.570333,34.456860,33.395426,32.385602,31.426816,30.518363,29.659421,28.849055,28.086236,27.369851,26.698713,26.071576,25.487147,24.944095,24.441063,23.976681,23.549571,23.158361,22.801691,22.478221,22.186636,21.925657,21.694040,21.490584,21.314135,21.163583,21.037870,20.935988,20.856976,20.799927,20.763976,20.748307,20.752145,20.774755,20.815437,20.873522,20.948369,21.039358,21.145887,21.267368,21.403219,21.552864,21.715724,21.891218,22.078757,22.277740,22.487553,22.707571,22.937152,23.175640,23.422366,23.676650,23.937805,24.205138,24.477959,24.755583,25.037339,25.322574,25.610664,25.901017,26.193084,26.486362,26.780404,27.074821,27.369289,27.663549,27.957410,28.250746,28.543495,28.835655,29.127275,29.418449,29.709307,30.000000
80.000000,78.000166,76.003650,74.013756,72.033761,70.066899,68.116351,66.185228,64.276559,62.393276,60.538205,58.714048,56.923378,55.168620,53.452048,51.775770,50.141723,48.551667,47.007176,45.509637,44.060245,42.660004,41.309726,40.010032,38.761360,37.563962,36.417916,35.323132,34.279356,33.286187,32.343078,31.449353,30.604218,29.806767,29.056000,28.350834,27.690109,27.072610,26.497069,25.962183,25.466622,25.009038,24.588077,24.202390,23.850635,23.531490,23.243658,22.985872,22.756902,22.555555,22.380683,22.231183,22.105997,22.004117,21.924579,21.866467,21.828908,21.811074,21.812173,21.831451,21.868186,21.921683,21.991272,22.076301,22.176132,22.290138,22.417694,22.558179,22.710965,22.875419,23.050897,23.236742,23.432282,23.636829,23.849681,24.070119,24.297412,24.530820,24.769596,25.012991,25.260265,25.510687,25.763546,26.018160,26.273885,26.530121,26.786322,27.042006,27.296760,27.550249,27.802218,28.052497,28.301000,28.547727,28.792757,29.036247,29.278418,29.519548,29.759957,30.000000
80.000000,78.044401,76.092004,74.145995,72.209539,70.285762,68.377741,66.488487,64.620940,62.777949,60.962264,59.176522,57.423235,55.704781,54.023390,52.381137,50.779933,49.221518,47.707454,46.239120,44.817712,43.444237,42.119516,40.844183,39.618690,38.443311,37.318144,36.243123,35.218023,34.242467,33.315939,32.437793,31.607264,30.823479,30.085467,29.392176,28.742479,28.135188,27.569067,27.042839,26.555202,26.104834,25.690407,25.310593,24.964072,24.649542,24.365722,24.111361,23.885240,23.686179,23.513036,23.364714,23.240157,23.138357,23.058346,22.999202,22.960044,22.940027,22.938346,22.954227,22.986924,23.035716,23.099902,23.178796,23.271723,23.378013,23.496999,23.628007,23.770360,23.923369,24.086329,24.258522,24.439212,24.627645,24.823048,25.024634,25.231603,25.443144,25.658444,25.876690,26.097079,26.318827,26.541176,26.763404,26.984840,27.204869,27.422944,27.638599,27.851455,28.061228,28.267736,28.470904,28.670761,28.867442,29.061185,29.252319,29.441258,29.628486,29.814541,30.000000
80.000000,78.091500,76.186072,74.286779,72.396659,70.518721,68.655928,66.811187,64.987338,63.187143,61.413271,59.668288,57.954647,56.274671,54.630550,53.024324,51.457878,49.932935,48.451044,47.013581,45.621741,44.276540,42.978807,41.729194,40.528169,39.376029,38.272897,37.218733,36.213339,35.256370,34.347340,33.485636,32.670525,31.901165,31.176622,30.495873,29.857826,29.261323,28.705159,28.188089,27.708838,27.266113,26.858611,26.485029,26.144068,25.834448,25.554906,25.304208,25.081148,24.884557,24.713303,24.566294,24.442477,24.340844,24.260425,24.200291,24.159551,24.137348,24.132861,24.145294,24.173878,24.217865,24.276522,24.349127,24.434966,24.533326,24.643489,24.764734,24.896324,25.037511,25.187527,25.345587,25.510884,25.682590,25.859858,26.041822,26.227604,26.416316,26.607066,26.798967,26.991145,27.182750,27.372967,27.561026,27.746217,27.927901,28.105526,28.278635,28.446877,28.610023,28.767965,28.920726,29.068461,29.211452,29.350110,29.484958,29.616624,29.745824,29.873339,30.000000
80.000000,78.141600,76.286131,74.436516,72.595660,70.766440,68.951697,67.154223,65.376753,63.621953,61.892408,60.190610,58.518946,56.879689,55.274984,53.706838,52.177111,50.687509,49.239573,47.834676,46.474017,45.158620,43.889329,42.666812,41.491562,40.363896,39.283968,38.251764,37.267120,36.329721,35.439116,34.594725,33.795851,33.041686,32.331332,31.663800,31.038031,30.452903,29.907243,29.399837,28.929441,28.494792,28.094612,27.727626,27.392559,27.088151,26.813161,26.566371,26.346590,26.152662,25.983464,25.837911,25.714955,25.613587,25.532835,25.471764,25.429474,25.405096,25.397790,25.406742,25.431158,25.470260,25.523284,25.589471,25.668064,25.758305,25.859426,25.970650,26.091182,26.220209,26.356895,26.500381,26.649783,26.804194,26.962683,27.124299,27.288074,27.453032,27.618194,27.782586,27.945251,28.105262,28.261733,28.413833,28.560803,28.701971,28.836767,28.964736,29.085554,29.199041,29.305165,29.404053,29.495994,29.581432,29.660967,29.735338,29.805412,29.872166,29.936656,30.000000
80.000000,78.194843,76.392462,74.595627,72.807093,71.029597,69.265843,67.518501,65.790193,64.083481,62.400861,60.744746,59.117460,57.521220,55.958128,54.430158,52.939149,51.486791,50.074618,48.704005,47.376158,46.092112,44.852729,43.658699,42.510538,41.408592,40.353043,39.343912,38.381066,37.464228,36.592980,35.766780,34.984967,34.246772,33.551331,32.897695,32.284840,31.711679,31.177073,30.679843,30.218776,29.792640,29.400186,29.040166,28.711331,28.412445,28.142286,27.899656,27.683380,27.492315,27.325349,27.181405,27.059439,26.958444,26.877446,26.815505,26.771711,26.745183,26.735065,26.740522,26.760734,26.794895,26.842207,26.901872,26.973092,27.055059,27.146954,27.247940,27.357160,27.473732,27.596746,27.725267,27.858326,27.994927,28.134049,28.274644,28.415647,28.555983,28.694570,28.830337,28.962230,29.089228,29.210361,29.324724,29.431494,29.529951,29.619496,29.699669,29.770163,29.830842,29.881753,29.923130,29.955404,29.979195,29.995312,30.004735,30.008599,30.008172,30.004825,30.000000
80.000000,78.251377,76.505358,74.764544,73.031527,71.308886,69.599182,67.904947,66.228682,64.572840,62.939821,61.331960,59.751510,58.200635,56.681395,55.195734,53.745469,52.332279,50.957697,49.623101,48.329707,47.078568,45.870566,44.706417,43.586664,42.511685,41.481695,40.496750,39.556754,38.661466,37.810509,37.003379,36.239454,35.518005,34.838207,34.199149,33.599844,33.039245,32.516248,32.029709,31.578449,31.161267,30.776947,30.424268,30.102010,29.808959,29.543917,29.305705,29.093166,28.905172,28.740623,28.598449,28.477614,28.377111,28.295966,28.233235,28.187999,28.159364,28.146458,28.148425,28.164421,28.193610,28.235159,28.288231,28.351984,28.425560,28.508084,28.598659,28.696360,28.800234,28.909293,29.022515,29.138843,29.257186,29.376419,29.495392,29.612930,29.727843,29.838939,29.945030,30.044950,30.137571,30.221819,30.296696,30.361301,30.414848,30.456696,30.486364,30.503553,30.508168,30.500327,30.480380,30.448904,30.406713,30.354844,30.294545,30.227254,30.154568,30.078212,30.000000
80.000000,78.311354,76.625121,74.943716,73.269549,71.605027,69.952551,68.314507,66.693264,65.091159,63.510492,61.953514,60.422411,58.919291,57.446176,56.004980,54.597504,53.225420,51.890264,50.593421,49.336124,48.119447,46.944298,45.811420,44.721390,43.674621,42.671364,41.711715,40.795615,39.922866,39.093132,38.305948,37.560736,36.856808,36.193380,35.569580,34.984465,34.437023,33.926191,33.450859,33.009885,32.602103,32.226329,31.881370,31.566036,31.279139,31.019504,30.785975,30.577413,30.392706,30.230765,30.090533,29.970978,29.871099,29.789920,29.726493,29.679891,29.649210,29.633561,29.632067,29.643860,29.668073,29.703839,29.750282,29.806512,29.871620,29.944675,30.024715,30.110747,30.201740,30.296622,30.394282,30.493565,30.593277,30.692184,30.789017,30.882482,30.971263,31.054038,31.129488,31.196318,31.253271,31.299152,31.332850,31.353360,31.359817,31.351514,31.327933,31.288772,31.233964,31.163697,31.078433,30.978909,30.866144,30.741428,30.606306,30.462557,30.312152,30.157221,30.000000
80.000000,78.374935,76.752071,75.133614,73.521773,71.918767,70.326819,68.748158,67.185010,65.639589,64.114092,62.610682,61.131477,59.678534,58.253836,56.859275,55.496640,54.167602,52.873702,51.616343,50.396778,49.216107,48.075269,46.975041,45.916038,44.898710,43.923350,42.990094,42.098929,41.249698,40.442108,39.675742,38.950062,38.264425,37.618090,37.010228,36.439937,35.906247,35.408134,34.944526,34.514321,34.116384,33.749567,33.412710,33.104651,32.824231,32.570300,32.341723,32.137384,31.956185,31.797054,31.658943,31.540830,31.441717,31.360630,31.296616,31.248744,31.216097,31.197770,31.192868,31.200498,31.219763,31.249760,31.289573,31.338265,31.394876,31.458415,31.527854,31.602127,31.680121,31.760679,31.842592,31.924602,32.005403,32.083640,32.157919,32.226809,32.288855,32.342589,32.386544,32.419273,32.439370,32.445494,32.436396,32.410949,32.368175,32.307283,32.227697,32.129090,32.011412,31.874912,31.720163,31.548067,31.359865,31.157124,30.941723,30.715821,30.481818,30.242304,30.000000
80.000000,78.442291,76.886546,75.334736,73.788848,72.250891,70.722896,69.206917,67.705027,66.219313,64.751860,63.304747,61.880022,60.479696,59.105717,57.759962,56.444212,55.160146,53.909318,52.693154,51.512935,50.369792,49.264702,48.198482,47.171786,46.185110,45.238791,44.333011,43.467802,42.643053,41.858520,41.113829,40.408491,39.741907,39.113381,38.522130,37.967294,37.447946,36.963103,36.511736,36.092777,35.705132,35.347686,35.019313,34.718883,34.445265,34.197337,33.973988,33.774121,33.596660,33.440547,33.304748,33.188248,33.090056,33.009199,32.944725,32.895694,32.861181,32.840266,32.832035,32.835569,32.849945,32.874224,32.907448,32.948635,32.996770,33.050801,33.109635,33.172127,33.237082,33.303250,33.369321,33.433927,33.495640,33.552977,33.604404,33.648343,33.683182,33.707289,33.719029,33.716780,33.698962,33.664063,33.610667,33.537491,33.443420,33.327547,33.189211,33.028036,32.843969,32.637306,32.408727,32.159305,31.890516,31.604232,31.302702,30.988518,30.664566,30.333966,30.000000
80.000000,78.513607,77.028910,75.547618,74.071470,72.602239,71.141744,69.691852,68.254472,66.831552,65.425070,64.037013,62.669369,61.324103,60.003139,58.708344,57.441502,56.204307,54.998336,53.825045,52.685751,51.581625,50.513686,49.482797,48.489661,47.534820,46.618660,45.741412,44.903158,44.103837,43.343252,42.621080,41.936878,41.290096,40.680085,40.106108,39.567351,39.062929,38.591904,38.153287,37.746051,37.369141,37.021479,36.701974,36.409527,36.143039,35.901416,35.683572,35.488435,35.314947,35.162069,35.028779,34.914074,34.816970,34.736497,34.671703,34.621644,34.585386,34.561996,34.550541,34.550080,34.559660,34.578309,34.605029,34.638791,34.678525,34.723120,34.771410,34.822176,34.874135,34.925940,34.976175,35.023354,35.065922,35.102257,35.130672,35.149429,35.156742,35.150797,35.129764,35.091827,35.035201,34.958170,34.859120,34.736577,34.589253,34.416087,34.216300,33.989435,33.735407,33.454545,33.147622,32.815881,32.461050,32.085333,31.691393,31.282311,30.861530,30.432783,30.000000
80.000000,78.589084,77.179561,75.772844,74.370389,72.973711,71.584395,70.204100,68.834562,67.477586,66.135035,64.808814,63.500852,62.213077,60.947400,59.705686,58.489735,57.301265,56.141889,55.013100,53.916261,52.852593,51.823163,50.828888,49.870521,48.948659,48.063741,47.216051,46.405723,45.632748,44.896981,44.198149,43.535860,42.909614,42.318809,41.762757,41.240690,40.751770,40.295101,39.869740,39.474700,39.108965,38.771497,38.461240,38.177131,37.918101,37.683088,37.471031,37.280884,37.111611,36.962190,36.831616,36.718898,36.623061,36.543140,36.478184,36.427246,36.389385,36.363656,36.349111,36.344786,36.349701,36.362850,36.383197,36.409665,36.441133,36.476427,36.514311,36.553487,36.592583,36.630152,36.664668,36.694521,36.718020,36.733395,36.738796,36.732308,36.711955,36.675718,36.621554,36.547417,36.451290,36.331219,36.185350,36.011979,35.809597,35.576951,35.313095,35.017453,34.689873,34.330684,33.940738,33.521445,33.074794,32.603351,32.110240,31.599098,31.074009,30.539414,30.000000
80.000000,78.668947,77.338940,76.011057,74.686435,73.366297,72.051968,70.744885,69.446598,68.158762,66.883129,65.621525,64.375829,63.147945,61.939780,60.753214,59.590077,58.452123,57.341012,56.258290,55.205373,54.183541,53.193920,52.237483,51.315045,50.427260,49.574624,48.757477,47.976009,47.230266,46.520158,45.845462,45.205841,44.600843,44.029918,43.492427,42.987649,42.514794,42.073012,41.661402,41.279022,40.924899,40.598030,40.297401,40.021982,39.770739,39.542641,39.336656,39.151763,38.986950,38.841216,38.713573,38.603044,38.508664,38.429476,38.364532,38.312883,38.273583,38.245678,38.228204,38.220179,38.220595,38.228418,38.242571,38.261933,38.285331,38.311528,38.339221,38.367031,38.393495,38.417065,38.436100,38.448862,38.453518,38.448138,38.430700,38.399095,38.351141,38.284593,38.197166,38.086557,37.950482,37.786705,37.593093,37.367659,37.108625,36.814487,36.484079,36.116653,35.711944,35.270239,34.792443,34.280120,33.735528,33.161624,32.562046,31.941064,31.303499,30.654619,30.000000
80.000000,78.753449,77.507546,76.262982,75.020533,73.781094,72.545701,71.315547,70.091987,68.876524,67.670802,66.476577,65.295690,64.130038,62.981543,61.852115,60.743630,59.657898,58.596638,57.561462,56.553854,55.575159,54.626573,53.709134,52.823722,51.971053,51.151685,50.366020,49.614305,48.896643,48.212998,47.563205,46.946977,46.363916,45.813525,45.295211,44.808305,44.352065,43.925686,43.528315,43.159052,42.816967,42.501099,42.210472,41.944093,41.700965,41.480086,41.280458,41.101087,40.940985,40.799173,40.674684,40.566555,40.473834,40.395573,40.330829,40.278656,40.238103,40.208210,40.187998,40.176470,40.172594,40.175305,40.183493,40.195993,40.211580,40.228960,40.246759,40.263520,40.277689,40.287615,40.291538,40.287591,40.273790,40.248040,40.208133,40.151757,40.076500,39.979872,39.859319,39.712248,39.536067,39.328220,39.086236,38.807793,38.490781,38.133377,37.734132,37.292054,36.806700,36.278267,35.707667,35.096596,34.447582,33.763999,33.050057,32.310746,31.551744,30.779287,30.000000
80.000000,78.842882,77.685949,76.529447,75.373737,74.219341,73.066975,71.917570,70.772271,69.632434,68.499601,67.375472,66.261871,65.160709,64.073942,63.003537,61.951435,60.919519,59.909588,58.923334,57.962320,57.027971,56.121559,55.244196,54.396832,53.580252,52.795080,52.041779,51.320659,50.631882,49.975467,49.351307,48.759168,48.198706,47.669475,47.170935,46.702465,46.263372,45.852900,45.470241,45.114542,44.784914,44.480441,44.200185,43.943192,43.708502,43.495148,43.302163,43.128581,42.973443,42.835795,42.714687,42.609178,42.518328,42.441203,42.376865,42.324372,42.282774,42.251104,42.228375,42.213573,42.205649,42.203510,42.206013,42.211952,42.220055,42.228971,42.237260,42.243386,42.245706,42.242466,42.231789,42.211671,42.179976,42.134437,42.072651,41.992085,41.890087,41.763896,41.610659,41.427464,41.211366,40.959437,40.668817,40.336779,39.960807,39.538683,39.068586,38.549197,37.979816,37.360469,36.692018,35.976252,35.215956,34.414946,33.578064,32.711123,31.820797,30.914465,30.000000
80.000000,78.937587,77.874818,76.811416,75.747265,74.682461,73.617365,72.552623,71.489166,70.428204,69.371195,68.319805,67.275867,66.241333,65.218225,64.208590,63.214461,62.237820,61.280562,60.344478,59.431227,58.542321,57.679120,56.842817,56.034439,55.254845,54.504725,53.784611,53.094872,52.435732,51.807271,51.209433,50.642044,50.104811,49.597340,49.119144,48.669652,48.248221,47.854143,47.486656,47.144954,46.828193,46.535499,46.265976,46.018711,45.792779,45.587251,45.401193,45.233671,45.083753,44.950511,44.833020,44.730358,44.641603,44.565832,44.502119,44.449529,44.407113,44.373903,44.348906,44.331095,44.319405,44.312720,44.309867,44.309607,44.310620,44.311503,44.310753,44.306759,44.297792,44.281995,44.257375,44.221792,44.172956,44.108419,44.025578,43.921670,43.793784,43.638865,43.453739,43.235131,42.979706,42.684109,42.345024,41.959246,41.523768,41.035879,40.493285,39.894232,39.237653,38.523305,37.751913,36.925296,36.046469,35.119703,34.150537,33.145722,32.113098,31.061400,30.000000
80.000000,79.037972,78.074944,77.110028,76.142545,75.172111,74.198687,73.222612,72.244603,71.265737,70.287410,69.311288,68.339249,67.373322,66.415632,65.468341,64.533605,63.613529,62.710131,61.825317,60.960855,60.118362,59.299293,58.504928,57.736378,56.994578,56.280291,55.594113,54.936481,54.307677,53.707840,53.136973,52.594954,52.081545,51.596404,51.139097,50.709102,50.305825,49.928608,49.576737,49.249452,48.945955,48.665415,48.406978,48.169774,47.952917,47.755514,47.576665,47.415471,47.271031,47.142443,47.028808,46.929226,46.842796,46.768611,46.705757,46.653308,46.610322,46.575832,46.548841,46.528317,46.513181,46.502298,46.494472,46.488430,46.482815,46.476173,46.466945,46.453448,46.433872,46.406263,46.368510,46.318343,46.253315,46.170800,46.067984,45.941867,45.789263,45.606809,45.390978,45.138100,44.844402,44.506044,44.119186,43.680061,43.185069,42.630896,42.014645,41.333996,40.587374,39.774132,38.894739,37.950948,36.945950,35.884469,34.772801,33.618768,32.431581,31.221597,30.000000
80.000000,79.144528,78.287285,77.426650,76.561287,75.690253,74.813066,73.929741,73.040786,72.147169,71.250262,70.351774,69.453678,68.558131,67.667403,66.783815,65.909682,65.047263,64.198722,63.366102,62.551298,61.756042,60.981891,60.230225,59.502238,58.798945,58.121184,57.469619,56.844750,56.246921,55.676328,55.133031,54.616960,54.127933,53.665660,53.229755,52.819748,52.435096,52.075188,51.739359,51.426896,51.137045,50.869022,50.622016,50.395199,50.187725,49.998739,49.827380,49.672781,49.534075,49.410390,49.300854,49.204593,49.120726,49.048366,48.986617,48.934564,48.891273,48.855784,48.827103,48.804192,48.785965,48.771274,48.758904,48.747556,48.735839,48.722258,48.705200,48.682921,48.653533,48.614990,48.565074,48.501385,48.421322,48.322082,48.200640,48.053754,47.877952,47.669544,47.424627,47.139105,46.808717,46.429082,45.995757,45.504321,44.950470,44.330152,43.639719,42.876112,42.037073,41.121373,40.129053,39.061665,37.922478,36.716639,35.451256,34.135372,32.779810,31.396887,30.000000
80.000000,79.257863,78.513016,77.762953,77.005558,76.239239,75.463025,74.676593,73.880260,73.074925,72.261994,71.443284,70.620924,69.797262,68.974774,68.155987,67.343416,66.539509,65.746605,64.966905,64.202446,63.455086,62.726496,62.018156,61.331351,60.667177,60.026544,59.410185,58.818664,58.252384,57.711597,57.196417,56.706830,56.242703,55.803797,55.389777,55.000224,54.634641,54.292468,53.973087,53.675832,53.399996,53.144840,52.909598,52.693484,52.495694,52.315413,52.151818,52.004079,51.871363,51.752830,51.647638,51.554940,51.473881,51.403596,51.343207,51.291817,51.248504,51.212319,51.182272,51.157329,51.136400,51.118331,51.101893,51.085768,51.068539,51.048678,51.024526,50.994285,50.955998,50.907538,50.846585,50.770618,50.676890,50.562424,50.423989,50.258095,50.060984,49.828625,49.556721,49.240714,48.875817,48.457046,47.979279,47.437337,46.826087,46.140585,45.376252,44.529086,43.595918,42.574700,41.464818,40.267413,38.985680,37.625118,36.193679,34.701785,33.162169,31.589530,30.000000
80.000000,79.378738,78.753604,78.121010,77.477899,76.821932,76.151593,75.466224,74.765987,74.051781,73.325125,72.588033,71.842877,71.092274,70.338974,69.585770,68.835424,68.090611,67.353875,66.627596,65.913966,65.214984,64.532437,63.867911,63.222781,62.598224,61.995224,61.414580,60.856915,60.322690,59.812212,59.325646,58.863029,58.424277,58.009203,57.617518,57.248852,56.902758,56.578722,56.276174,55.994496,55.733027,55.491074,55.267916,55.062810,54.874996,54.703700,54.548139,54.407520,54.281047,54.167914,54.067312,53.978423,53.900421,53.832466,53.773702,53.723253,53.680215,53.643652,53.612586,53.585990,53.562779,53.541797,53.521810,53.501488,53.479398,53.453984,53.423556,53.386269,53.340112,53.282883,53.212175,53.125355,53.019545,52.891600,52.738092,52.555291,52.339149,52.085292,51.789012,51.445270,51.048711,50.593692,50.074334,49.484593,48.818371,48.069660,47.232736,46.302406,45.274306,44.145260,42.913683,41.580011,40.147126,38.620731,37.009615,35.325743,33.584115,31.802349,30.000000
80.000000,79.508121,79.010908,78.503427,77.981480,77.441854,76.882447,76.302284,75.701446,75.080932,74.442495,73.788460,73.121558,72.444772,71.761209,71.073994,70.386193,69.700746,69.020429,68.347821,67.685287,67.034968,66.398776,65.778400,65.175307,64.590753,64.025790,63.481278,62.957900,62.456167,61.976438,61.518927,61.083718,60.670776,60.279957,59.911023,59.563649,59.237434,58.931912,58.646561,58.380808,58.134041,57.905611,57.694843,57.501040,57.323484,57.161444,57.014178,56.880934,56.760952,56.653465,56.557698,56.472865,56.398171,56.332805,56.275938,56.226718,56.184263,56.147656,56.115936,56.088090,56.063042,56.039644,56.016664,55.992771,55.966523,55.936349,55.900538,55.857212,55.804317,55.739594,55.660562,55.564494,55.448392,55.308963,55.142593,54.945326,54.712834,54.440401,54.122906,53.754812,53.330168,52.842623,52.285466,51.651684,50.934068,50.125356,49.218438,48.206629,47.084021,45.845911,44.489318,43.013553,41.420815,39.716753,37.910907,36.016939,34.052535,32.038925,30.000000
80.000000,79.647265,79.287323,78.913532,78.520299,78.103393,77.660093,77.189170,76.690743,76.166072,75.617305,75.047244,74.459118,73.856397,73.242642,72.621387,71.996055,71.369893,70.745936,70.126980,69.515570,68.913994,68.324289,67.748246,67.187417,66.643131,66.116504,65.608453,65.119711,64.650838,64.202237,63.774167,63.366755,62.980011,62.613834,62.268030,61.942319,61.636346,61.349691,61.081876,60.832377,60.600627,60.386024,60.187939,60.005718,59.838690,59.686168,59.547451,59.421829,59.308582,59.206983,59.116292,59.035761,58.964627,58.902112,58.847418,58.799721,58.758165,58.721859,58.689864,58.661187,58.634770,58.609480,58.584096,58.557296,58.527639,58.493555,58.453320,58.405043,58.346640,58.275814,58.190029,58.086482,57.962078,57.813397,57.636664,57.427712,57.181955,56.894350,56.559371,56.170982,55.722617,55.207186,54.617078,53.944216,53.180134,52.316115,51.343394,50.253448,49.038392,47.691493,46.207806,44.584925,42.823810,40.929618,38.912424,36.787679,34.576246,32.303865,30.000000
80.000000,79.797826,79.585986,79.355645,79.099473,78.812068,78.490096,78.132199,77.738739,77.311467,76.853163,76.367313,75.857823,75.328796,74.784356,74.228527,73.665145,73.097800,72.529809,71.964195,71.403687,70.850721,70.307451,69.775763,69.257288,68.753417,68.265324,67.793971,67.340136,66.904419,66.487263,66.088965,65.709691,65.349489,65.008300,64.685970,64.382263,64.096865,63.829402,63.579441,63.346503,63.130066,62.929576,62.744448,62.574077,62.417835,62.275080,62.145156,62.027395,61.921121,61.825645,61.740268,61.664281,61.596958,61.537556,61.485312,61.439434,61.399100,61.363447,61.331565,61.302490,61.275188,61.248550,61.221377,61.192363,61.160087,61.122986,61.079346,61.027274,60.964678,60.889241,60.798396,60.689290,60.558759,60.403282,60.218952,60.001426,59.745888,59.446996,59.098844,58.694910,58.228023,57.690331,57.073286,56.367663,55.563605,54.650739,53.618356,52.455706,51.152419,49.699096,48.088083,46.314434,44.377045,42.279865,40.033047,37.653806,35.166721,32.603203,30.000000
80.000000,79.962028,79.911085,79.835452,79.725632,79.574895,79.379376,79.137829,78.851186,78.522031,78.154096,77.751824,77.320017,76.863573,76.387301,75.895793,75.393349,74.883934,74.371158,73.858275,73.348193,72.843486,72.346415,71.858948,71.382780,70.919357,70.469892,70.035388,69.616653,69.214322,68.828867,68.460619,68.109775,67.776417,67.460523,67.161977,66.880580,66.616062,66.368090,66.136275,65.920181,65.719334,65.533224,65.361314,65.203044,65.057832,64.925082,64.804183,64.694513,64.595438,64.506314,64.426483,64.355277,64.292011,64.235982,64.186463,64.142702,64.103912,64.069268,64.037895,64.008861,63.981168,63.953740,63.925408,63.894899,63.860819,63.821632,63.775647,63.720990,63.655582,63.577112,63.483005,63.370391,63.236065,63.076447,62.887534,62.664849,62.403389,62.097560,61.741115,61.327090,60.847733,60.294446,59.657732,58.927165,58.091393,57.138202,56.054652,54.827343,53.442839,51.888304,50.152411,48.226553,46.106349,43.793395,41.297064,38.636043,35.839157,32.944997,30.000000
80.000000,80.142929,80.268319,80.360576,80.407481,80.400869,80.336574,80.213903,80.034866,79.803377,79.524548,79.204121,78.848051,78.462211,78.052212,77.623288,77.180242,76.727427,76.268748,75.807679,75.347292,74.890281,74.438993,73.995462,73.561428,73.138373,72.727538,72.329948,71.946436,71.577655,71.224102,70.886128,70.563960,70.257706,69.967376,69.692888,69.434078,69.190715,68.962505,68.749103,68.550116,68.365113,68.193632,68.035182,67.889247,67.755294,67.632774,67.521121,67.419760,67.328103,67.245549,67.171488,67.105293,67.046324,66.993921,66.947399,66.906048,66.869125,66.835843,66.805372,66.776821,66.749235,66.721580,66.692730,66.661455,66.626403,66.586082,66.538841,66.482847,66.416057,66.336191,66.240700,66.126729,65.991074,65.830134,65.639861,65.415699,65.152515,64.844525,64.485210,64.067224,63.582300,63.021145,62.373342,61.627262,60.770003,59.787367,58.663927,57.383213,55.928082,54.281365,52.426858,50.350779,48.043731,45.503160,42.736122,39.761950,36.614092,33.340250,30.000000
80.000000,80.344844,80.665620,80.941410,81.156596,81.301607,81.372508,81.369913,81.297702,81.161816,80.969307,80.727629,80.444167,80.125955,79.779507,79.410750,79.025007,78.627012,78.220944,77.810475,77.398807,76.988727,76.582642,76.182621,75.790430,75.407563,75.035271,74.674588,74.326352,73.991227,73.669721,73.362200,73.068910,72.789980,72.525447,72.275256,72.039278,71.817317,71.609115,71.414369,71.232727,71.063804,70.907181,70.762412,70.629032,70.506552,70.394470,70.292271,70.199424,70.115390,70.039616,69.971537,69.910575,69.856135,69.807602,69.764341,69.725687,69.690944,69.659374,69.630194,69.602563,69.575578,69.548257,69.519527,69.488215,69.453027,69.412531,69.365135,69.309068,69.242351,69.162764,69.067818,68.954709,68.820278,68.660959,68.472713,68.250971,67.990544,67.685539,67.329254,66.914063,66.431281,65.871019,65.222032,64.471553,63.605145,62.606570,61.457730,60.138712,58.628036,56.903199,54.941676,52.722551,50.228957,47.451417,44.392012,41.068869,37.519930,33.804381,30.000000
80.000000,80.574040,81.114311,81.592412,81.988562,82.292200,82.500693,82.617251,82.648804,82.604281,82.493362,82.325675,82.110324,81.855650,81.569142,81.257431,80.926339,80.580944,80.225657,79.864293,79.500149,79.136056,78.774444,78.417387,78.066644,77.723698,77.389788,77.065937,76.752973,76.451557,76.162196,75.885263,75.621012,75.369590,75.131051,74.905366,74.692435,74.492093,74.304119,74.128247,73.964167,73.811535,73.669978,73.539097,73.418470,73.307660,73.206212,73.113657,73.029517,72.953300,72.884501,72.822606,72.767085,72.717394,72.672967,72.633220,72.597539,72.565279,72.535758,72.508247,72.481963,72.456061,72.429622,72.401641,72.371012,72.336513,72.296789,72.250331,72.195453,72.130264,72.052637,71.960177,71.850178,71.719574,71.564887,71.382158,71.166879,70.913894,70.617305,70.270345,69.865233,69.393014,68.843362,68.204362,67.462266,66.601227,65.603036,64.446875,63.109151,61.563500,59.781094,57.731460,55.384117,52.711381,49.692693,46.320662,42.608429,38.596991,34.359672,30.000000
80.000000,80.839956,81.631039,82.334106,82.924613,83.392289,83.737904,83.969364,84.098378,84.138093,84.101617,84.001216,83.847941,83.651530,83.420441,83.161962,82.882342,82.586926,82.280278,81.966291,81.648285,81.329088,81.011102,80.696363,80.386591,80.083228,79.787477,79.500327,79.222582,78.954882,78.697723,78.451474,78.216388,77.992622,77.780244,77.579244,77.389546,77.211014,77.043462,76.886658,76.740333,76.604183,76.477881,76.361071,76.253381,76.154420,76.063782,75.981050,75.905792,75.837569,75.775928,75.720404,75.670521,75.625784,75.585685,75.549690,75.517243,75.487756,75.460605,75.435124,75.410595,75.386240,75.361213,75.334585,75.305333,75.272324,75.234296,75.189842,75.137385,75.075150,75.001138,74.913086,74.808428,74.684245,74.537210,74.363519,74.158809,73.918063,73.635497,73.304418,72.917061,72.464392,71.935866,71.319143,70.599759,69.760730,68.782116,67.640549,66.308760,64.755200,62.943894,60.834799,58.385070,55.551879,52.297551,48.597839,44.453566,39.904273,35.039520,30.000000
80.000000,81.157440,82.241118,83.196272,83.993925,84.627349,85.104624,85.441680,85.657363,85.770503,85.798437,85.756424,85.657565,85.512947,85.331888,85.122198,84.890415,84.642024,84.381630,84.113107,83.839719,83.564218,83.288925,83.015790,82.746454,82.482287,82.224425,81.973806,81.731187,81.497176,81.272242,81.056738,80.850912,80.654921,80.468840,80.292675,80.126370,79.969815,79.822853,79.685287,79.556886,79.437389,79.326508,79.223936,79.129345,79.042394,78.962727,78.889976,78.823762,78.763696,78.709378,78.660397,78.616330,78.576740,78.541172,78.509151,78.480182,78.453737,78.429258,78.406145,78.383754,78.361383,78.338267,78.313565,78.286350,78.255589,78.220136,78.178703,78.129847,78.071938,78.003135,77.921347,77.824195,77.708964,77.572542,77.411357,77.221289,76.997572,76.734672,76.426138,76.064418,75.640636,75.144311,74.563017,73.881960,73.083461,72.146327,71.045110,69.749249,68.222160,66.420377,64.293017,61.782076,58.824445,55.357071,51.327206,46.709659,41.531145,35.896286,30.000000
80.000000,81.551164,82.984557,84.223014,85.236727,86.029977,86.625121,87.051040,87.336640,87.507900,87.586954,87.592138,87.538442,87.438060,87.300904,87.135059,86.947141,86.742593,86.525913,86.300836,86.070470,85.837413,85.603836,85.371557,85.142092,84.916703,84.696437,84.482151,84.274541,84.074163,83.881450,83.696729,83.520230,83.352106,83.192433,83.041227,82.898448,82.764010,82.637783,82.519603,82.409275,82.306577,82.211265,82.123075,82.041727,81.966929,81.898375,81.835746,81.778718,81.726954,81.680108,81.637825,81.599738,81.565466,81.534614,81.506770,81.481499,81.458342,81.436810,81.416377,81.396476,81.376491,81.355746,81.333500,81.308931,81.281126,81.249064,81.211600,81.167447,81.115148,81.053051,80.979277,80.891681,80.787804,80.664820,80.519469,80.347972,80.145936,79.908226,79.628813,79.300583,78.915096,78.462280,77.930042,77.303780,76.565745,75.694237,74.662583,73.437852,71.979283,70.236458,68.147375,65.636869,62.616414,58.987348,54.651170,49.532287,43.618446,37.016726,30.000000
80.000000,82.065033,83.927348,85.480753,86.708045,87.640575,88.326533,88.814235,89.145570,89.354579,89.468125,89.507167,89.488034,89.423496,89.323615,89.196379,89.048191,88.884221,88.708678,88.525014,88.336074,88.144212,87.951383,87.759213,87.569054,87.382024,87.199051,87.020890,86.848156,86.681341,86.520827,86.366903,86.219779,86.079591,85.946413,85.820267,85.701126,85.588923,85.483553,85.384883,85.292753,85.206980,85.127362,85.053679,84.985699,84.923177,84.865857,84.813475,84.765758,84.722422,84.683179,84.647729,84.615763,84.586961,84.560990,84.537501,84.516126,84.496476,84.478136,84.460660,84.443565,84.426325,84.408365,84.389050,84.367677,84.343462,84.315530,84.282894,84.244444,84.198922,84.144897,84.080738,84.004577,83.914268,83.807334,83.680908,83.531652,83.355668,83.148370,82.904347,82.617160,82.279112,81.880925,81.411336,80.856564,80.199598,79.419256,78.488926,77.374876,76.034002,74.410869,72.433943,70.011124,67.025275,63.331878,58.763997,53.155184,46.397988,38.554922,30.000000
80.000000,82.784204,85.183220,87.070040,88.480894,89.505968,90.235951,90.745089,91.089639,91.311021,91.439545,91.497511,91.501506,91.464035,91.394661,91.300796,91.188265,91.061698,90.924812,90.780624,90.631595,90.479748,90.326754,90.173992,90.022604,89.873536,89.727565,89.585326,89.447336,89.314005,89.185657,89.062533,88.944812,88.832611,88.725997,88.624991,88.529576,88.439703,88.355290,88.276233,88.202405,88.133662,88.069842,88.010770,87.956261,87.906119,87.860138,87.818106,87.779804,87.745004,87.713474,87.684972,87.659250,87.636048,87.615098,87.596116,87.578806,87.562851,87.547916,87.533635,87.519618,87.505436,87.490618,87.474647,87.456946,87.436876,87.413715,87.386656,87.354784,87.317062,87.272309,87.219174,87.156108,87.081327,86.992765,86.888023,86.764299,86.618305,86.446159,86.243248,86.004059,85.721944,85.388831,84.994821,84.527662,83.972024,83.308502,82.512234,81.550939,80.382131,78.949128,77.175342,74.956224,72.148425,68.556719,63.922981,57.931581,50.268693,40.809366,30.000000
80.000000,83.892368,86.955503,89.139803,90.644846,91.672914,92.373937,92.849532,93.167136,93.371797,93.494172,93.555602,93.571302,93.552371,93.507076,93.441695,93.361077,93.269027,93.168566,93.062120,92.951657,92.838783,92.724816,92.610841,92.497755,92.386295,92.277067,92.170568,92.067198,91.967278,91.871057,91.778728,91.690428,91.606250,91.526249,91.450444,91.378825,91.311355,91.247978,91.188615,91.133173,91.081543,91.033604,90.989228,90.948273,90.910593,90.876033,90.844435,90.815634,90.789457,90.765730,90.744270,90.724890,90.707394,90.691579,90.677230,90.664124,90.652019,90.640661,90.629774,90.619059,90.608190,90.596810,90.584523,90.570891,90.555422,90.537568,90.516708,90.492141,90.463072,90.428592,90.387660,90.339083,90.281479,90.213248,90.132527,90.037132,89.924492,89.791561,89.634706,89.449557,89.230820,88.972020,88.665153,88.300220,87.864565,87.341949,86.711215,85.944315,85.003372,83.836165,82.369093,80.496022,78.060491,74.827737,70.443397,64.384061,55.943114,44.423423,30.000000
80.000000,85.838241,89.610960,91.891847,93.289282,94.171435,94.742973,95.118643,95.365246,95.523475,95.619256,95.669792,95.686919,95.679041,95.652291,95.611249,95.559410,95.499485,95.433611,95.363491,95.290499,95.215750,95.140157,95.064469,94.989303,94.915165,94.842472,94.771562,94.702710,94.636135,94.572010,94.510464,94.451594,94.395464,94.342111,94.291551,94.243777,94.198768,94.156484,94.116876,94.079880,94.045425,94.013432,93.983812,93.956474,93.931319,93.908245,93.887144,93.867907,93.850419,93.834563,93.820216,93.807254,93.795545,93.784952,93.775332,93.766535,93.758398,93.750751,93.743408,93.736167,93.728809,93.721094,93.712754,93.703493,93.692980,93.680843,93.666663,93.649965,93.630209,93.606779,93.578968,93.545962,93.506822,93.460454,93.405585,93.340719,93.264089,93.173596,93.066731,92.940462,92.791103,92.614119,92.403877,92.153281,91.853282,91.492141,91.054366,90.519090,89.857542,89.028986,87.973942,86.602446,84.772878,82.252280,78.639907,73.220317,64.705832,50.968051,30.000000
80.000000,89.875654,93.759709,95.527068,96.450141,96.983059,97.311403,97.521183,97.656811,97.743339,97.795935,97.824320,97.835020,97.832588,97.820299,97.800576,97.775250,97.745736,97.713140,97.678341,97.642045,97.604825,97.567147,97.529394,97.491880,97.454863,97.418554,97.383127,97.348720,97.315445,97.283389,97.252619,97.223183,97.195115,97.168433,97.143146,97.119251,97.096737,97.075586,97.055772,97.037263,97.020026,97.004019,96.989198,96.975519,96.962931,96.951383,96.940822,96.931193,96.922438,96.914498,96.907313,96.900819,96.894950,96.889639,96.884813,96.880396,96.876308,96.872462,96.868764,96.865114,96.861402,96.857505,96.853290,96.848608,96.843290,96.837151,96.829978,96.821532,96.811540,96.799690,96.785625,96.768934,96.749140,96.725688,96.697932,96.665112,96.626327,96.580509,96.526373,96.462368,96.386601,96.296736,96.189861,96.062292,95.909304,95.724731,95.500365,95.225037,94.883139,94.452175,93.898485,93.169368,92.177550,90.768009,88.640144,85.144871,78.693191,64.832129,30.000000
80.000000,100.000000,100.000000,100.000000,100.000000,100.000000,100.000000,100.000000,100.000000,100.000000,100.000000,100.000000,100.000000,100.000000,100.000000,100.000000,100.000000,100.000000,100.000000,100.000000,100.000000,100.000000,100.000000,100.000000,100.000000,100.000000,100.000000,100.000000,100.000000,100.000000,100.000000,100.000000,100.000000,100.000000,100.000000,100.000000,100.000000,100.000000,100.000000,100.000000,100.000000,100.000000,100.000000,100.000000,100.000000,100.000000,100.000000,100.000000,100.000000,100.000000,100.000000,100.000000,100.000000,100.000000,100.000000,100.000000,100.000000,100.000000,100.000000,100.000000,100.000000,100.000000,100.000000,100.000000,100.000000,100.000000,100.000000,100.000000,100.000000,100.000000,100.000000,100.000000,100.000000,100.000000,100.000000,100.000000,100.000000,100.000000,100.000000,100.000000,100.000000,100.000000,100.000000,100.000000,100.000000,100.000000,100.000000,100.000000,100.000000,100.000000,100.000000,100.000000,100.000000,100.000000,100.000000,100.000000,100.000000,100.000000,100.000000,30.000000
